RAAA#,Name,PROS,CED,BW,WW,YW,ADG,DMI,Milk,ME,HPG,CEM,STAY,Marb,YG,CW,REA,FAT,HB,GM,cow,bull,higher_count,lower_count,combined_count,PROS_pct,CED_pct,Milk_pct,WW_pct,YW_pct,ADG_pct,HPG_pct,CEM_pct,Marb_pct,STAY_pct,CW_pct,REA_pct,HB_pct,GM_pct,BW_pct,DMI_pct,ME_pct,YG_pct,FAT_pct,pair_score
PM1,HHOLL N01 - LSF SRR PRESIDENT 8177F,170,16,-4.4,69,101,0.2,0.94,30,-6,12,9,20,0.79,-0.08,23,0.4,0.0,103,67,N01 , 8177F,8,3,11,1.3373379533446044,0.5418010585969488,0.3793066276596828,-0.42132846879242797,-0.6862977066066798,-0.9308108330389733,-0.6614378277661476,0.0,1.5949752247937474,0.8927935326663177,-0.4690086491804925,2.1333099483789066,1.0951467776306418,0.6402420713370138,1.32264857190595,-1.6639764838747981,1.0017214679638937,1.3344905182214675,-0.0,19.265627400237683
PM2,HHOLL N02 - LSF SRR PRESIDENT 8177F,171,15,-4.3,69,101,0.2,0.91,30,-6,12,9,20,0.81,-0.08,21,0.39,0.0,104,67,N02 , 8177F,7,3,10,1.3640847124114963,0.0,0.3793066276596828,-0.42132846879242797,-0.6862977066066798,-0.9308108330389733,-0.6614378277661476,0.0,1.7225732427772473,0.8927935326663177,-0.6253448655739899,1.9910892851536461,1.1283330436194492,0.6402420713370138,1.2281736739126672,-1.5660955142351045,1.0017214679638937,1.3344905182214675,-0.0,17.345306047409114
PM3,HHOLL N04 - LSF SRR PRESIDENT 8177F,165,12,-2.7,71,107,0.23,0.81,28,-4,12,8,20,0.69,-0.01,27,0.21,-0.01,98,67,N04 , 8177F,5,3,8,1.2036041580101438,-1.6254031757908463,-0.3793066276596828,-0.21066423439621398,-0.3921701180609598,-0.5817567706493584,-0.6614378277661476,-0.9972640167606985,0.9569851348762478,0.8927935326663177,-0.15633621639349748,-0.5688826529010418,0.9292154476866054,0.6402420713370138,-0.28342469397984615,-1.2398256154361245,0.5008607339819469,0.29655344849365944,1.4381174563233068,7.250615621913989
PM4,HHOLL N07 - LSF SRR PRESIDENT 8177F,159,15,-3.6,66,99,0.21,0.77,30,-4,11,8,20,0.73,-0.02,19,0.19,0.0,97,62,N07 , 8177F,6,3,9,1.0431236036087912,0.0,0.3793066276596828,-0.7373248203867488,-0.7843402361219196,-0.8144594789091018,-1.3228756555322951,-0.9972640167606985,1.2121811708432477,0.8927935326663177,-0.7816810819674875,-0.8533239793515626,0.896029181697798,0.10670701188950231,0.5668493879596926,-1.109317655916532,0.5008607339819469,0.4448301727404892,-0.0,8.402927026355457
PM5,HHOLL N08 - LSF SRR PRESIDENT 8177F,160,15,-3.7,69,102,0.21,0.75,31,-4,11,8,20,0.73,-0.02,20,0.2,0.0,97,63,N08 , 8177F,6,3,9,1.0698703626756831,0.0,0.7586132553193656,-0.42132846879242797,-0.6372764418490597,-0.8144594789091018,-1.3228756555322951,-0.9972640167606985,1.2121811708432477,0.8927935326663177,-0.7035129737707387,-0.711103316126302,0.896029181697798,0.21341402377900462,0.661324285952975,-1.0440636761567361,0.5008607339819469,0.4448301727404892,-0.0,9.527335147080212
PM6,HHOLL N10 - LSF SRR PRESIDENT 8177F,166,17,-5.1,62,92,0.19,0.92,27,-6,12,10,20,0.82,-0.08,17,0.33,0.0,100,66,N10 , 8177F,8,3,11,1.2303509170770357,1.0836021171938977,-0.7586132553193656,-1.158653289179177,-1.1274890894252596,-1.047162187168845,-0.6614378277661476,0.9972640167606985,1.7863722517689964,0.8927935326663177,-0.938017298360985,1.1377653058020836,0.99558797966422,0.5335350594475116,1.983972857858924,-1.5987225041150024,1.0017214679638937,1.3344905182214675,-0.0,18.37223282098943
PM7,HHOLL N101 - LSF SRR PRESIDENT 8177F,172,14,-4.1,68,102,0.21,0.76,31,-5,13,8,20,0.84,-0.01,19,0.22,0.01,103,69,N101 , 8177F,6,3,9,1.3908314714783885,-0.5418010585969488,0.7586132553193656,-0.526660585990535,-0.6372764418490597,-0.8144594789091018,0.0,-0.9972640167606985,1.9139702697524965,0.8927935326663177,-0.7816810819674875,-0.4266619896757813,1.0951467776306418,0.8536560951160185,1.0392238779261027,-1.076690666036634,0.7512911009729203,0.29655344849365944,-1.4381174563233068,11.062535037867681
PM8,HHOLL N103 - LSF SRR PRESIDENT 8177F,145,17,-4.9,64,94,0.19,0.8,27,-6,12,9,18,0.73,-0.07,12,0.21,-0.01,91,54,N103 , 8177F,5,4,9,0.6686689766723022,1.0836021171938977,-0.7586132553193656,-0.9479890547829629,-1.0294465599100195,-1.047162187168845,-0.6614378277661476,0.0,1.2121811708432477,0.2975978442221059,-1.3288578393447286,-0.5688826529010418,0.696911585764954,-0.7469490832265161,1.7950230618723604,-1.2071986255562264,1.0017214679638937,1.1862137939746378,1.4381174563233068,11.614019254798293
PM9,HHOLL N11 - LSF SRR PRESIDENT 8177F,163,16,-4.2,71,107,0.23,0.86,29,-3,12,9,19,0.71,-0.02,28,0.24,-0.01,93,70,N11 , 8177F,6,4,10,1.1501106398763596,0.5418010585969488,0.0,-0.21066423439621398,-0.3921701180609598,-0.5817567706493584,-0.6614378277661476,0.0,1.0845831528597478,0.5951956884442118,-0.07816810819674874,-0.14222066322526056,0.7632841177425685,0.9603631070055207,1.1336987759193853,-1.402960564835614,0.25043036699097343,0.4448301727404892,1.4381174563233068,15.46535395489627
PM10,HHOLL N16 - LSF SRR PRESIDENT 8177F,183,12,-3.1,72,110,0.24,0.84,29,-5,14,8,21,0.82,-0.01,22,0.25,0.01,111,72,N16 , 8177F,6,3,9,1.6850458212142012,-1.6254031757908463,0.0,-0.10533211719810699,-0.24510632378809988,-0.46540541651948686,0.6614378277661476,-0.9972640167606985,1.7863722517689964,1.1903913768884236,-0.5471767573772413,0.0,1.3606369055411007,1.1737771307845253,0.0944748979932822,-1.337706585075818,0.7512911009729203,0.29655344849365944,-1.4381174563233068,10.600986545187332
PM11,HHOLL N18 - LSF SRR PRESIDENT 8177F,178,18,-5.6,61,91,0.19,0.63,28,-6,14,10,21,0.8,0.0,17,0.19,0.01,111,67,N18 , 8177F,8,3,11,1.5513120258797408,1.6254031757908463,-0.3793066276596828,-1.2639854063772837,-1.1765103541828796,-1.047162187168845,0.6614378277661476,0.9972640167606985,1.6587742337854974,1.1903913768884236,-0.938017298360985,-0.8533239793515626,1.3606369055411007,0.6402420713370138,2.4563473478253344,-0.6525397975979601,1.0017214679638937,0.14827672424682972,-1.4381174563233068,18.575793534938526
PM12,HHOLL N201 - LSF SRR PRESIDENT 8177F,165,15,-3.5,66,101,0.22,0.85,25,-5,13,9,21,0.65,-0.05,17,0.26,0.0,109,56,N201 , 8177F,5,3,8,1.2036041580101438,0.0,-1.5172265106387313,-0.7373248203867488,-0.6862977066066798,-0.69810812477923,0.0,0.0,0.7017890989092488,1.1903913768884236,-0.938017298360985,0.14222066322526056,1.294264373563486,-0.5335350594475116,0.4723744899664105,-1.370333574955716,0.7512911009729203,0.8896603454809785,-0.0,8.876563775337983
PM13,HHOLL N202 - LSF SRR PRESIDENT 8177F,158,14,-3.3,68,100,0.2,0.72,29,-7,12,8,18,0.76,-0.11,18,0.33,-0.02,93,65,N202 , 8177F,6,4,10,1.016376844541899,-0.5418010585969488,0.0,-0.526660585990535,-0.7353189713642997,-0.9308108330389733,-0.6614378277661476,-0.9972640167606985,1.4035781978184976,0.2975978442221059,-0.8598491901642362,1.1377653058020836,0.7632841177425685,0.42682804755800924,0.28342469397984615,-0.946182706517042,1.252151834954867,1.7793206909619568,2.8762349126466136,15.39732654940851
PM14,HHOLL N23 - LSF SRR PRESIDENT 8177F,151,16,-4.2,64,93,0.19,0.72,31,-7,12,9,18,0.74,-0.04,16,0.2,0.0,91,60,N23 , 8177F,6,3,9,0.8291495310736544,0.5418010585969488,0.7586132553193656,-0.9479890547829629,-1.0784678246676396,-1.047162187168845,-0.6614378277661476,0.0,1.2759801798349977,0.2975978442221059,-1.0161854065577338,-0.711103316126302,0.696911585764954,-0.10670701188950231,1.1336987759193853,-0.946182706517042,1.252151834954867,0.7413836212341486,-0.0,11.296181320468028
PM15,HHOLL N25 - LSF SRR PRESIDENT 8177F,143,16,-4.7,64,93,0.18,0.78,31,-5,12,9,19,0.7,-0.05,12,0.2,0.0,92,51,N25 , 8177F,6,3,9,0.6151754585385178,0.5418010585969488,0.7586132553193656,-0.9479890547829629,-1.0784678246676396,-1.1635135412987168,-0.6614378277661476,0.0,1.0207841438679979,0.5951956884442118,-1.3288578393447286,-0.711103316126302,0.7300978517537613,-1.0670701188950231,1.606073265885796,-1.1419446457964302,0.7512911009729203,0.8896603454809785,-0.0,9.692436969206323
PM16,HHOLL N28 - LSF SRR PRESIDENT 8177F,178,17,-5.2,65,98,0.2,0.69,29,-6,13,10,21,0.79,-0.01,19,0.22,0.01,111,67,N28 , 8177F,7,3,10,1.5513120258797408,1.0836021171938977,0.0,-0.8426569375848559,-0.8333615008795396,-0.9308108330389733,0.0,0.9972640167606985,1.5949752247937474,1.1903913768884236,-0.7816810819674875,-0.4266619896757813,1.3606369055411007,0.6402420713370138,2.0784477558522068,-0.8483017368773479,1.0017214679638937,0.29655344849365944,-1.4381174563233068,17.073365152186234
PM17,HHOLL N34 - LSF SRR PRESIDENT 8177F,161,13,-3.2,62,98,0.22,0.95,23,-4,14,8,20,0.69,-0.04,15,0.22,0.0,101,59,N34 , 8177F,5,3,8,1.0966171217425753,-1.0836021171938977,-2.275839765958097,-1.158653289179177,-0.8333615008795396,-0.69810812477923,0.6614378277661476,-0.9972640167606985,0.9569851348762478,0.8927935326663177,-1.0943535147544825,-0.4266619896757813,1.0287742456530273,-0.21341402377900462,0.1889497959865644,-1.6966034737546962,0.5008607339819469,0.7413836212341486,-0.0,4.0441465336247795
PM18,HHOLL N37 - LSF SRR PRESIDENT 8177F,164,14,-3.2,65,99,0.21,0.79,25,-5,13,8,22,0.63,-0.05,16,0.21,0.0,111,53,N37 , 8177F,4,3,7,1.1768573989432516,-0.5418010585969488,-1.5172265106387313,-0.8426569375848559,-0.7843402361219196,-0.8144594789091018,0.0,-0.9972640167606985,0.5741910809257489,1.4879892211105297,-1.0161854065577338,-0.5688826529010418,1.3606369055411007,-0.8536560951160185,0.1889497959865644,-1.1745716356763283,0.7512911009729203,0.8896603454809785,-0.0,4.86112987765263
PM19,HHOLL N40 - LSF SRR PRESIDENT 8177F,140,16,-4.5,54,85,0.19,0.65,26,-6,12,9,18,0.7,-0.02,9,0.1,0.0,84,57,N40 , 8177F,5,3,8,0.5349351813378416,0.5418010585969488,-1.1379198829790484,-2.001310226764033,-1.4706379427285994,-1.047162187168845,-0.6614378277661476,0.0,1.0207841438679979,0.2975978442221059,-1.563362163934975,-2.133309948378906,0.4646077238433027,-0.42682804755800924,1.4171234698992317,-0.7177937773577562,1.0017214679638937,0.4448301727404892,-0.0,4.570513671880281
PM20,HHOLL N42 - LSF SRR PRESIDENT 8177F,168,15,-4.0,68,102,0.21,0.75,31,-6,13,8,20,0.78,-0.01,19,0.19,0.0,103,65,N42 , 8177F,6,3,9,1.28384443521082,0.0,0.7586132553193656,-0.526660585990535,-0.6372764418490597,-0.8144594789091018,0.0,-0.9972640167606985,1.5311762158019975,0.8927935326663177,-0.7816810819674875,-0.8533239793515626,1.0951467776306418,0.42682804755800924,0.944748979932821,-1.0440636761567361,1.0017214679638937,0.29655344849365944,-0.0,12.158665413512143
PM21,HHOLL N43 - LSF SRR PRESIDENT 8177F,164,12,-2.5,72,111,0.24,0.95,28,-3,13,7,20,0.72,-0.03,21,0.24,0.0,100,64,N43 , 8177F,5,2,7,1.1768573989432516,-1.6254031757908463,-0.3793066276596828,-0.10533211719810699,-0.1960850590304799,-0.46540541651948686,0.0,-1.994528033521397,1.1483821618514978,0.8927935326663177,-0.6253448655739899,-0.14222066322526056,0.99558797966422,0.3201210356685069,-0.4723744899664105,-1.6966034737546962,0.25043036699097343,0.5931068969873189,-0.0,4.012682450750599
PM22,HHOLL N44 - LSF SRR PRESIDENT 8177F,166,11,-2.2,74,114,0.25,0.92,28,-2,12,7,20,0.73,-0.02,28,0.25,-0.01,93,73,N44 , 8177F,6,2,8,1.2303509170770357,-2.1672042343877953,-0.3793066276596828,0.10533211719810699,-0.049021264757619976,-0.3490540623896152,-0.6614378277661476,-1.994528033521397,1.2121811708432477,0.8927935326663177,-0.07816810819674874,0.0,0.7632841177425685,1.2804841426740277,-0.7557991839462567,-1.5987225041150024,-0.0,0.4448301727404892,1.4381174563233068,6.222374237110692
PM23,HHOLL N46B - LSF SRR PRESIDENT 8177F,171,11,-1.9,76,115,0.24,0.83,28,-5,13,7,21,0.63,-0.05,25,0.33,0.0,109,62,N46B , 8177F,7,2,9,1.3640847124114963,-2.1672042343877953,-0.3793066276596828,0.31599635159432093,0.0,-0.46540541651948686,0.0,-1.994528033521397,0.5741910809257489,1.1903913768884236,-0.31267243278699497,1.1377653058020836,1.294264373563486,0.10670701188950231,-1.0392238779261034,-1.30507959519592,0.7512911009729203,0.8896603454809785,-0.0,7.7193311485405225
PM24,HHOLL N53 - LSF SRR PRESIDENT 8177F,170,15,-4.4,69,103,0.21,0.77,30,-5,13,9,20,0.84,-0.01,18,0.21,0.01,103,68,N53 , 8177F,6,3,9,1.3373379533446044,0.0,0.3793066276596828,-0.42132846879242797,-0.5882551770914398,-0.8144594789091018,0.0,0.0,1.9139702697524965,0.8927935326663177,-0.8598491901642362,-0.5688826529010418,1.0951467776306418,0.7469490832265161,1.32264857190595,-1.109317655916532,0.7512911009729203,0.29655344849365944,-1.4381174563233068,12.440579108496637
PM25,HHOLL N55 - LSF SRR PRESIDENT 8177F,171,15,-3.8,69,103,0.21,0.8,30,-6,12,9,20,0.69,-0.09,21,0.33,-0.01,108,63,N55 , 8177F,7,4,11,1.3640847124114963,0.0,0.3793066276596828,-0.42132846879242797,-0.5882551770914398,-0.8144594789091018,-0.6614378277661476,0.0,0.9569851348762478,0.8927935326663177,-0.6253448655739899,1.1377653058020836,1.2610781075746786,0.21341402377900462,0.7557991839462567,-1.2071986255562264,1.0017214679638937,1.4827672424682972,1.4381174563233068,18.070600174723864
PM26,HHOLL N57 - LSF SRR PRESIDENT 8177F,,13,-2.7,69,106,0.23,0.68,26,-5,12,7,19,,,,,,89,,N57 , 8177F,2,1,3,,-1.0836021171938977,-1.1379198829790484,-0.42132846879242797,-0.4411913828185799,-0.5817567706493584,-0.6614378277661476,-1.994528033521397,,0.5951956884442118,,,0.6305390537873393,,-0.28342469397984615,-0.8156747469974501,0.7512911009729203,,,-2.5543792142851265
PM27,HHOLL N60 - LSF SRR PRESIDENT 8177F,154,17,-4.4,64,98,0.22,0.79,29,-4,12,9,18,0.72,-0.05,19,0.28,0.0,88,66,N60 , 8177F,7,3,10,0.9093898082743308,1.0836021171938977,0.0,-0.9479890547829629,-0.8333615008795396,-0.69810812477923,-0.6614378277661476,0.0,1.1483821618514978,0.2975978442221059,-0.7816810819674875,0.4266619896757816,0.597352787798532,0.5335350594475116,1.32264857190595,-1.1745716356763283,0.5008607339819469,0.8896603454809785,-0.0,14.045018530409036
PM28,HHOLL N61 - LSF SRR PRESIDENT 8177F,165,13,-2.9,67,103,0.22,0.87,27,-4,13,8,22,0.63,-0.05,18,0.25,0.0,109,56,N61 , 8177F,4,2,6,1.2036041580101438,-1.0836021171938977,-0.7586132553193656,-0.6319927031886419,-0.5882551770914398,-0.69810812477923,0.0,-0.9972640167606985,0.5741910809257489,1.4879892211105297,-0.8598491901642362,0.0,1.294264373563486,-0.5335350594475116,-0.0944748979932822,-1.4355875547155121,0.5008607339819469,0.8896603454809785,-0.0,4.337610697962111
PM29,HHOLL N62 - LSF SRR PRESIDENT 8177F,148,16,-4.3,60,90,0.19,0.78,27,-6,12,9,19,0.7,-0.05,11,0.17,0.0,95,53,N62 , 8177F,5,3,8,0.7489092538729782,0.5418010585969488,-0.7586132553193656,-1.3693175235753907,-1.2255316189404994,-1.047162187168845,-0.6614378277661476,0.0,1.0207841438679979,0.5951956884442118,-1.4070259475414775,-1.1377653058020831,0.8296566497201834,-0.8536560951160185,1.2281736739126672,-1.1419446457964302,1.0017214679638937,0.8896603454809785,-0.0,6.821772975390021
PM30,HHOLL N64 - LSF SRR PRESIDENT 8177F,183,17,-4.8,64,95,0.2,0.74,31,-5,13,10,22,0.78,-0.01,19,0.2,0.0,117,66,N64 , 8177F,8,3,11,1.6850458212142012,1.0836021171938977,0.7586132553193656,-0.9479890547829629,-0.9804252951523995,-0.9308108330389733,0.0,0.9972640167606985,1.5311762158019975,1.4879892211105297,-0.7816810819674875,-0.711103316126302,1.5597545014739445,0.5335350594475116,1.7005481638790776,-1.011436686276838,0.7512911009729203,0.29655344849365944,-0.0,19.52793488788747
PM31,HHOLL N65 - LSF SRR PRESIDENT 8177F,172,17,-5.3,65,99,0.21,0.84,28,-5,14,10,19,0.88,-0.02,18,0.2,0.0,101,71,N65 , 8177F,8,3,11,1.3908314714783885,1.0836021171938977,-0.3793066276596828,-0.8426569375848559,-0.7843402361219196,-0.8144594789091018,0.6614378277661476,0.9972640167606985,2.1691663057194965,0.5951956884442118,-0.8598491901642362,-0.711103316126302,1.0287742456530273,1.0670701188950231,2.172922653845488,-1.337706585075818,0.7512911009729203,0.4448301727404892,-0.0,18.988262993278212
PM32,HHOLL N70 - LSF SRR PRESIDENT 8177F,164,16,-4.4,69,101,0.2,0.72,30,-6,12,9,19,0.75,-0.11,21,0.39,-0.01,96,68,N70 , 8177F,8,4,12,1.1768573989432516,0.5418010585969488,0.3793066276596828,-0.42132846879242797,-0.6862977066066798,-0.9308108330389733,-0.6614378277661476,0.0,1.3397791888267476,0.5951956884442118,-0.6253448655739899,1.9910892851536461,0.8628429157089907,0.7469490832265161,1.32264857190595,-0.946182706517042,1.0017214679638937,1.7793206909619568,1.4381174563233068,21.728940642417868
PM33,HHOLL N73 - LSF SRR PRESIDENT 8177F,164,13,-3.3,72,105,0.21,0.84,31,-7,12,8,19,0.73,-0.09,20,0.33,-0.01,102,62,N73 , 8177F,7,4,11,1.1768573989432516,-1.0836021171938977,0.7586132553193656,-0.10533211719810699,-0.49021264757619976,-0.8144594789091018,-0.6614378277661476,-0.9972640167606985,1.2121811708432477,0.5951956884442118,-0.7035129737707387,1.1377653058020836,1.0619605116418347,0.10670701188950231,0.28342469397984615,-1.337706585075818,1.252151834954867,1.4827672424682972,1.4381174563233068,15.06818513014931
PM34,HHOLL N77 - LSF SRR PRESIDENT 8177F,158,17,-4.7,69,102,0.21,0.9,29,-5,13,10,20,0.69,-0.05,16,0.25,0.0,104,54,N77 , 8177F,6,3,9,1.016376844541899,1.0836021171938977,0.0,-0.42132846879242797,-0.6372764418490597,-0.8144594789091018,0.0,0.9972640167606985,0.9569851348762478,0.8927935326663177,-1.0161854065577338,0.0,1.1283330436194492,-0.7469490832265161,1.606073265885796,-1.5334685243552062,0.7512911009729203,0.8896603454809785,-0.0,14.223815512225851
PM35,HHOLL N80 - LSF SRR PRESIDENT 8177F,151,15,-3.6,69,104,0.22,0.77,29,-5,11,8,18,0.74,-0.02,21,0.19,0.0,86,65,N80 , 8177F,5,3,8,0.8291495310736544,0.0,0.0,-0.42132846879242797,-0.5392339123338198,-0.69810812477923,-1.3228756555322951,-0.9972640167606985,1.2759801798349977,0.2975978442221059,-0.6253448655739899,-0.8533239793515626,0.5309802558209173,0.42682804755800924,0.5668493879596926,-1.109317655916532,0.7512911009729203,0.4448301727404892,-0.0,7.036991031705355
PM36,HHOLL N84 - LSF SRR PRESIDENT 8177F,156,16,-4.0,69,106,0.23,0.76,30,-4,12,9,18,0.72,-0.01,22,0.22,0.0,88,68,N84 , 8177F,7,3,10,0.962883326408115,0.5418010585969488,0.3793066276596828,-0.42132846879242797,-0.4411913828185799,-0.5817567706493584,-0.6614378277661476,0.0,1.1483821618514978,0.2975978442221059,-0.5471767573772413,-0.4266619896757813,0.597352787798532,0.7469490832265161,0.944748979932821,-1.076690666036634,0.5008607339819469,0.29655344849365944,-0.0,12.962352644159633
PM37,HHOLL N89 - LSF SRR PRESIDENT 8177F,169,13,-2.8,69,105,0.22,0.81,31,-3,12,8,21,0.68,-0.02,27,0.22,-0.01,103,66,N89 , 8177F,6,3,9,1.3105911942777122,-1.0836021171938977,0.7586132553193656,-0.42132846879242797,-0.49021264757619976,-0.69810812477923,-0.6614378277661476,-0.9972640167606985,0.8931861258844986,1.1903913768884236,-0.15633621639349748,-0.4266619896757813,1.0951467776306418,0.5335350594475116,-0.1889497959865644,-1.2398256154361245,0.25043036699097343,0.4448301727404892,1.4381174563233068,10.465084464729719
PM38,HHOLL N90 - LSF SRR PRESIDENT 8177F,152,15,-4.0,68,100,0.2,0.7,31,-6,12,8,19,0.68,-0.05,17,0.26,0.0,96,56,N90 , 8177F,6,3,9,0.8558962901405467,0.0,0.7586132553193656,-0.526660585990535,-0.7353189713642997,-0.9308108330389733,-0.6614378277661476,-0.9972640167606985,0.8931861258844986,0.5951956884442118,-0.938017298360985,0.14222066322526056,0.8628429157089907,-0.5335350594475116,0.944748979932821,-0.8809287267572459,1.0017214679638937,0.8896603454809785,-0.0,10.371102191291588
PM39,HHOLL N91 - LSF SRR PRESIDENT 8177F,,15,-3.7,63,97,0.21,0.65,28,-5,12,8,18,,,,,,84,,N91 , 8177F,2,2,4,,0.0,-0.3793066276596828,-1.05332117198107,-0.8823827656371598,-0.8144594789091018,-0.6614378277661476,-0.9972640167606985,,0.2975978442221059,,,0.4646077238433027,,0.661324285952975,-0.7177937773577562,0.7512911009729203,,,1.6367072577288022
PM40,HHOLL N92 - LSF SRR PRESIDENT 8177F,151,17,-4.4,64,93,0.19,0.71,30,-7,12,9,18,0.74,-0.04,16,0.2,0.0,91,60,N92 , 8177F,6,3,9,0.8291495310736544,1.0836021171938977,0.3793066276596828,-0.9479890547829629,-1.0784678246676396,-1.047162187168845,-0.6614378277661476,0.0,1.2759801798349977,0.2975978442221059,-1.0161854065577338,-0.711103316126302,0.696911585764954,-0.10670701188950231,1.32264857190595,-0.9135557166371439,1.252151834954867,0.7413836212341486,-0.0,11.951153066570232
PM41,HHOLL N93 - LSF SRR PRESIDENT 8177F,157,12,-2.8,64,97,0.2,0.74,28,-5,12,7,19,0.73,-0.09,19,0.39,0.0,91,66,N93 , 8177F,6,2,8,0.9896300854750072,-1.6254031757908463,-0.3793066276596828,-0.9479890547829629,-0.8823827656371598,-0.9308108330389733,-0.6614378277661476,-1.994528033521397,1.2121811708432477,0.5951956884442118,-0.7816810819674875,1.9910892851536461,0.696911585764954,0.5335350594475116,-0.1889497959865644,-1.011436686276838,0.7512911009729203,1.4827672424682972,-0.0,6.951159658456375
PM42,HHOLL N94 - LSF SRR PRESIDENT 8177F,149,13,-2.5,68,103,0.22,0.72,29,-5,12,8,19,0.69,-0.03,15,0.19,0.0,90,59,N94 , 8177F,4,2,6,0.7756560129398704,-1.0836021171938977,0.0,-0.526660585990535,-0.5882551770914398,-0.69810812477923,-0.6614378277661476,-0.9972640167606985,0.9569851348762478,0.5951956884442118,-1.0943535147544825,-0.8533239793515626,0.6637253197761466,-0.21341402377900462,-0.4723744899664105,-0.946182706517042,0.7512911009729203,0.5931068969873189,-0.0,2.2166404129903032
PM43,HHOLL N96 - LSF SRR PRESIDENT 8177F,163,15,-4.1,70,106,0.23,0.89,29,-3,12,9,19,0.75,-0.02,25,0.22,-0.01,94,69,N96 , 8177F,5,4,9,1.1501106398763596,0.0,0.0,-0.31599635159432093,-0.4411913828185799,-0.5817567706493584,-0.6614378277661476,0.0,1.3397791888267476,0.5951956884442118,-0.31267243278699497,-0.4266619896757813,0.796470383731376,0.8536560951160185,1.0392238779261027,-1.500841534475308,0.25043036699097343,0.4448301727404892,1.4381174563233068,13.045849447415545
PM44,HHOLL N99 - LSF SRR PRESIDENT 8177F,149,15,-4.3,67,97,0.19,0.81,31,-6,12,9,19,0.72,-0.05,13,0.22,0.0,97,53,N99 , 8177F,5,3,8,0.7756560129398704,0.0,0.7586132553193656,-0.6319927031886419,-0.8823827656371598,-1.047162187168845,-0.6614378277661476,0.0,1.1483821618514978,0.5951956884442118,-1.2506897311479799,-0.4266619896757813,0.896029181697798,-0.8536560951160185,1.2281736739126672,-1.2398256154361245,1.0017214679638937,0.8896603454809785,-0.0,9.056810606886486
PM45,HHOLL N12 - LSF SRR PRESIDENT 8177F,156,13,-3.0,70,103,0.2,0.78,30,-7,12,8,18,0.76,-0.11,19,0.35,-0.02,91,65,N12 , 8177F,7,3,10,0.962883326408115,-1.0836021171938977,0.3793066276596828,-0.31599635159432093,-0.5882551770914398,-0.9308108330389733,-0.6614378277661476,-0.9972640167606985,1.4035781978184976,0.2975978442221059,-0.7816810819674875,1.422206632252604,0.696911585764954,0.42682804755800924,-0.0,-1.1419446457964302,1.252151834954867,1.7793206909619568,2.8762349126466136,14.906352354783941
PM46,HHOLL N41 - LSF SRR PRESIDENT 8177F,163,15,-4.2,66,98,0.2,0.74,31,-6,12,9,19,0.75,-0.07,21,0.28,-0.01,97,67,N41 , 8177F,7,4,11,1.1501106398763596,0.0,0.7586132553193656,-0.7373248203867488,-0.8333615008795396,-0.9308108330389733,-0.6614378277661476,0.0,1.3397791888267476,0.5951956884442118,-0.6253448655739899,0.4266619896757816,0.896029181697798,0.6402420713370138,1.1336987759193853,-1.011436686276838,1.0017214679638937,1.1862137939746378,1.4381174563233068,17.55201013606941
PM47,HHOLL N79 - LSF SRR PRESIDENT 8177F,158,13,-3.1,68,107,0.25,0.81,28,-3,12,8,18,0.73,-0.01,22,0.2,0.0,87,70,N79 , 8177F,5,3,8,1.016376844541899,-1.0836021171938977,-0.3793066276596828,-0.526660585990535,-0.3921701180609598,-0.3490540623896152,-0.6614378277661476,-0.9972640167606985,1.2121811708432477,0.2975978442221059,-0.5471767573772413,-0.711103316126302,0.5641665218097246,0.9603631070055207,0.0944748979932822,-1.2398256154361245,0.25043036699097343,0.29655344849365944,-0.0,5.722157450568007
PM48,HHOLL N45 - LSF SRR PRESIDENT 8177F,147,18,-5.1,63,97,0.21,0.7,29,-6,12,10,18,0.7,-0.03,16,0.21,0.0,86,61,N45 , 8177F,6,3,9,0.7221624948060862,1.6254031757908463,0.0,-1.05332117198107,-0.8823827656371598,-0.8144594789091018,-0.6614378277661476,0.9972640167606985,1.0207841438679979,0.2975978442221059,-1.0161854065577338,-0.5688826529010418,0.5309802558209173,0.0,1.983972857858924,-0.8809287267572459,1.0017214679638937,0.5931068969873189,-0.0,13.675948680273827
PM49,HHOLL N102 - LSF SRR PRESIDENT 8177F,159,15,-3.8,66,101,0.22,0.86,25,-5,13,9,19,0.72,-0.06,15,0.25,0.0,99,60,N102 , 8177F,4,3,7,1.0431236036087912,0.0,-1.5172265106387313,-0.7373248203867488,-0.6862977066066798,-0.69810812477923,0.0,0.0,1.1483821618514978,0.5951956884442118,-1.0943535147544825,0.0,0.9624017136754125,-0.10670701188950231,0.7557991839462567,-1.402960564835614,0.7512911009729203,1.0379370697278079,-0.0,7.762963531832623
PM1,HHOLLL10 - LSF SRR PRESIDENT 8177F,159,14,-2.7,56,80,0.15,0.34,26,-10,11,8,23,0.55,-0.05,12,0.13,-0.01,115,44,L10 , 8177F,4,4,8,1.0431236036087912,-0.5418010585969488,-1.1379198829790484,-1.7906459923678189,-1.7157442665166995,-1.5125676036883315,-1.3228756555322951,-0.9972640167606985,0.06379900899174995,1.7855870653326353,-1.3288578393447286,-1.7066479587031251,1.4933819694963297,-1.8140192021215393,-0.28342469397984615,0.2936429089190819,2.0034429359277874,0.8896603454809785,1.4381174563233068,4.341281723633365
PM2,C16 - LSF SRR PRESIDENT 8177F,156,14,-3.0,62,88,0.16,0.47,27,-8,11,8,23,0.52,-0.05,13,0.12,-0.01,116,39,C16 , 8177F,3,3,6,0.962883326408115,-0.5418010585969488,-0.7586132553193656,-1.158653289179177,-1.3235741484557395,-1.3962162495584598,-1.3228756555322951,-0.9972640167606985,-0.1275980179834999,1.7855870653326353,-1.2506897311479799,-1.8488686219283854,1.526568235485137,-2.3475542615690506,-0.0,-0.13050795951959193,1.5025822019458406,0.8896603454809785,1.4381174563233068,1.8713955549438062
PM3,C19 - LSF SRR PRESIDENT 8177F,148,14,-2.9,65,92,0.17,0.62,31,-7,11,8,22,0.52,-0.05,15,0.14,-0.01,108,39,C19 , 8177F,4,3,7,0.7489092538729782,-0.5418010585969488,0.7586132553193656,-0.8426569375848559,-1.1274890894252596,-1.2798648954285883,-1.3228756555322951,-0.9972640167606985,-0.1275980179834999,1.4879892211105297,-1.0943535147544825,-1.5644272954778644,1.2610781075746786,-2.3475542615690506,-0.0944748979932822,-0.619912807718062,1.252151834954867,0.8896603454809785,1.4381174563233068,3.5904195100184
PM4,C66 - LSF SRR PRESIDENT 8177F,139,15,-3.6,62,88,0.17,0.54,27,-8,11,8,21,0.53,-0.05,12,0.11,-0.01,100,39,C66 , 8177F,3,4,7,0.5081884222709495,0.0,-0.7586132553193656,-1.158653289179177,-1.3235741484557395,-1.2798648954285883,-1.3228756555322951,-0.9972640167606985,-0.06379900899174995,1.1903913768884236,-1.3288578393447286,-1.9910892851536461,0.99558797966422,-2.3475542615690506,0.5668493879596926,-0.3588968886788782,1.5025822019458406,0.8896603454809785,1.4381174563233068,2.401448344936952
PM5,C14 - LSF SRR PRESIDENT 8177F,150,14,-3.0,61,88,0.17,0.38,24,-8,10,8,22,0.53,-0.05,13,0.14,-0.01,106,44,C14 , 8177F,3,4,7,0.8024027720067625,-0.5418010585969488,-1.8965331382984143,-1.2639854063772837,-1.3235741484557395,-1.2798648954285883,-1.9843134832984428,-0.9972640167606985,-0.06379900899174995,1.4879892211105297,-1.2506897311479799,-1.5644272954778644,1.194705575597064,-1.8140192021215393,-0.0,0.16313494939949,1.5025822019458406,0.8896603454809785,1.4381174563233068,1.5212003850267592
PM6,C28 - LSF SRR PRESIDENT 8177F,154,16,-3.6,60,87,0.16,0.53,30,-6,10,9,22,0.53,-0.06,16,0.19,-0.01,109,45,C28 , 8177F,5,4,9,0.9093898082743308,0.5418010585969488,0.3793066276596828,-1.3693175235753907,-1.3725954132133595,-1.3962162495584598,-1.9843134832984428,0.0,-0.06379900899174995,1.4879892211105297,-1.0161854065577338,-0.8533239793515626,1.294264373563486,-1.707312190232037,0.5668493879596926,-0.3262698987989801,1.0017214679638937,1.0379370697278079,1.4381174563233068,9.209900315294812
PM7,C47 - LSF SRR PRESIDENT 8177F,156,13,-2.3,62,90,0.18,0.62,31,-4,11,8,23,0.54,-0.05,15,0.18,-0.01,111,44,C47 , 8177F,4,3,7,0.962883326408115,-1.0836021171938977,0.7586132553193656,-1.158653289179177,-1.2255316189404994,-1.1635135412987168,-1.3228756555322951,-0.9972640167606985,0.0,1.7855870653326353,-1.0943535147544825,-0.9955446425768231,1.3606369055411007,-1.8140192021215393,-0.661324285952975,-0.619912807718062,0.5008607339819469,0.8896603454809785,1.4381174563233068,3.2100557918211714
PM8,C17 - LSF SRR PRESIDENT 8177F,155,14,-3.0,65,94,0.18,0.58,27,-8,11,9,22,0.55,-0.05,16,0.18,-0.01,110,45,C17 , 8177F,4,3,7,0.936136567341223,-0.5418010585969488,-0.7586132553193656,-0.8426569375848559,-1.0294465599100195,-1.1635135412987168,-1.3228756555322951,0.0,0.06379900899174995,1.4879892211105297,-1.0161854065577338,-0.9955446425768231,1.3274506395522931,-1.707312190232037,-0.0,-0.48940484819846997,1.5025822019458406,0.8896603454809785,1.4381174563233068,5.44353256438762
PM9,D29 - LSF SRR PRESIDENT 8177F,148,15,-3.3,59,85,0.17,0.5,26,-7,11,8,21,0.56,-0.05,12,0.17,0.0,103,45,D29 , 8177F,4,3,7,0.7489092538729782,0.0,-1.1379198829790484,-1.4746496407734977,-1.4706379427285994,-1.2798648954285883,-1.3228756555322951,-0.9972640167606985,0.1275980179834999,1.1903913768884236,-1.3288578393447286,-1.1377653058020831,1.0951467776306418,-1.707312190232037,0.28342469397984615,-0.22838892915928602,1.252151834954867,0.8896603454809785,-0.0,1.9743897938014214
PM10,D19 - LSF SRR PRESIDENT 8177F,149,16,-3.7,59,85,0.17,0.51,28,-7,11,9,21,0.57,-0.05,12,0.19,0.0,103,46,D19 , 8177F,5,3,8,0.7756560129398704,0.5418010585969488,-0.3793066276596828,-1.4746496407734977,-1.4706379427285994,-1.2798648954285883,-1.3228756555322951,0.0,0.19139702697524916,1.1903913768884236,-1.3288578393447286,-0.8533239793515626,1.0951467776306418,-1.6006051783425348,0.661324285952975,-0.2610159190391841,1.252151834954867,0.8896603454809785,-0.0,6.369935362268804
PM11,D10 - LSF SRR PRESIDENT 8177F,160,16,-3.8,57,82,0.16,0.36,24,-9,11,9,23,0.56,-0.05,10,0.15,0.0,116,44,D10 , 8177F,5,4,9,1.0698703626756831,0.5418010585969488,-1.8965331382984143,-1.6853138751697119,-1.6177017370014593,-1.3962162495584598,-1.3228756555322951,0.0,0.1275980179834999,1.7855870653326353,-1.4851940557382262,-1.4222066322526041,1.526568235485137,-1.8140192021215393,0.7557991839462567,0.22838892915928602,1.753012568936814,0.8896603454809785,-0.0,6.960633557308592
PM12,D23 - LSF SRR PRESIDENT 8177F,154,15,-3.3,58,84,0.16,0.5,29,-7,11,8,22,0.57,-0.04,13,0.19,0.0,108,47,D23 , 8177F,4,3,7,0.9093898082743308,0.0,0.0,-1.579981757971605,-1.5196592074862194,-1.3962162495584598,-1.3228756555322951,-0.9972640167606985,0.19139702697524916,1.4879892211105297,-1.2506897311479799,-0.8533239793515626,1.2610781075746786,-1.4938981664530322,0.28342469397984615,-0.22838892915928602,1.252151834954867,0.7413836212341486,-0.0,4.034337103411422
PM13,E29 - LSF SRR PRESIDENT 8177F,161,13,-2.2,62,89,0.17,0.55,30,-8,11,9,23,0.53,-0.06,15,0.17,-0.01,118,43,E29 , 8177F,4,3,7,1.0966171217425753,-1.0836021171938977,0.3793066276596828,-1.158653289179177,-1.2745528836981195,-1.2798648954285883,-1.3228756555322951,0.0,-0.06379900899174995,1.7855870653326353,-1.0943535147544825,-1.1377653058020831,1.592940767462752,-1.9207262140110415,-0.7557991839462567,-0.39152387855877613,1.5025822019458406,1.0379370697278079,1.4381174563233068,5.0243743909398315
PM14,E30 - LSF SRR PRESIDENT 8177F,158,14,-2.7,61,87,0.16,0.49,29,-8,10,9,23,0.52,-0.05,16,0.17,-0.01,114,45,E30 , 8177F,3,3,6,1.016376844541899,-0.5418010585969488,0.0,-1.2639854063772837,-1.3725954132133595,-1.3962162495584598,-1.9843134832984428,0.0,-0.1275980179834999,1.7855870653326353,-1.0161854065577338,-1.1377653058020831,1.4601957035075226,-1.707312190232037,-0.28342469397984615,-0.195761939279388,1.5025822019458406,0.8896603454809785,1.4381174563233068,4.112950332749948
PM15,E59 - LSF SRR PRESIDENT 8177F,156,11,-1.6,66,95,0.18,0.56,31,-8,11,7,22,0.52,-0.05,19,0.22,-0.01,110,47,E59 , 8177F,4,3,7,0.962883326408115,-2.1672042343877953,0.7586132553193656,-0.7373248203867488,-0.9804252951523995,-1.1635135412987168,-1.3228756555322951,-1.994528033521397,-0.1275980179834999,1.4879892211105297,-0.7816810819674875,-0.4266619896757813,1.3274506395522931,-1.4938981664530322,-1.3226485719059495,-0.4241508684386742,1.5025822019458406,0.8896603454809785,1.4381174563233068,2.2000591100123277
PM16,F06 - LSF SRR PRESIDENT 8177F,157,13,-2.4,65,94,0.18,0.62,30,-5,10,8,23,0.54,-0.05,16,0.19,-0.01,113,44,F06 , 8177F,4,3,7,0.9896300854750072,-1.0836021171938977,0.3793066276596828,-0.8426569375848559,-1.0294465599100195,-1.1635135412987168,-1.9843134832984428,-0.9972640167606985,0.0,1.7855870653326353,-1.0161854065577338,-0.8533239793515626,1.4270094375187152,-1.8140192021215393,-0.5668493879596926,-0.619912807718062,0.7512911009729203,0.8896603454809785,1.4381174563233068,3.0837653691585127
PM17,F08 - LSF SRR PRESIDENT 8177F,170,12,-2.0,70,106,0.22,0.81,27,-6,12,7,22,0.63,-0.05,19,0.27,0.0,113,57,F08 , 8177F,5,2,7,1.3373379533446044,-1.6254031757908463,-0.7586132553193656,-0.31599635159432093,-0.4411913828185799,-0.69810812477923,-0.6614378277661476,-1.994528033521397,0.5741910809257489,1.4879892211105297,-0.7816810819674875,0.2844413264505211,1.4270094375187152,-0.42682804755800924,-0.944748979932821,-1.2398256154361245,1.0017214679638937,0.8896603454809785,-0.0,3.679881235621688
PM18,F19 - LSF SRR PRESIDENT 8177F,144,18,-4.4,54,78,0.15,0.37,28,-9,12,10,19,0.57,-0.05,13,0.19,0.0,95,49,F19 , 8177F,6,4,10,0.64192221760541,1.6254031757908463,-0.3793066276596828,-2.001310226764033,-1.8137867960319396,-1.5125676036883315,-0.6614378277661476,0.9972640167606985,0.19139702697524916,0.5951956884442118,-1.2506897311479799,-0.8533239793515626,0.8296566497201834,-1.2804841426740277,1.32264857190595,0.195761939279388,1.753012568936814,0.8896603454809785,-0.0,12.009265365109433
PM19,F21 - LSF SRR PRESIDENT 8177F,153,13,-2.8,65,95,0.19,0.59,26,-8,11,8,21,0.58,-0.05,15,0.18,-0.01,104,49,F21 , 8177F,4,3,7,0.8826430492074389,-1.0836021171938977,-1.1379198829790484,-0.8426569375848559,-0.9804252951523995,-1.047162187168845,-1.3228756555322951,-0.9972640167606985,0.25519603596699914,1.1903913768884236,-1.0943535147544825,-0.9955446425768231,1.1283330436194492,-1.2804841426740277,-0.1889497959865644,-0.522031838078368,1.5025822019458406,0.8896603454809785,1.4381174563233068,3.16339354076181
PM20,F79 - LSF SRR PRESIDENT 8177F,167,15,-3.6,64,98,0.21,0.69,25,-5,12,9,22,0.63,-0.05,16,0.22,0.0,110,57,F79 , 8177F,4,3,7,1.2570976761439279,0.0,-1.5172265106387313,-0.9479890547829629,-0.8333615008795396,-0.8144594789091018,-0.6614378277661476,0.0,0.5741910809257489,1.4879892211105297,-1.0161854065577338,-0.4266619896757813,1.3274506395522931,-0.42682804755800924,0.5668493879596926,-0.8483017368773479,0.7512911009729203,0.8896603454809785,-0.0,7.2527531763319875
PM21,F81 - LSF SRR PRESIDENT 8177F,155,17,-4.7,58,86,0.17,0.56,32,-6,11,9,21,0.59,-0.05,16,0.22,0.0,103,52,F81 , 8177F,6,3,9,0.936136567341223,1.0836021171938977,1.1379198829790484,-1.579981757971605,-1.4216166779709793,-1.2798648954285883,-1.3228756555322951,0.0,0.3189950449587491,1.1903913768884236,-1.0161854065577338,-0.4266619896757813,1.0951467776306418,-0.9603631070055207,1.606073265885796,-0.4241508684386742,1.0017214679638937,0.8896603454809785,-0.0,11.870546764309715
PM22,F83 - LSF SRR PRESIDENT 8177F,147,15,-3.3,65,94,0.18,0.63,32,-4,10,9,21,0.53,-0.05,19,0.22,-0.01,101,46,F83 , 8177F,4,4,8,0.7221624948060862,0.0,1.1379198829790484,-0.8426569375848559,-1.0294465599100195,-1.1635135412987168,-1.9843134832984428,0.0,-0.06379900899174995,1.1903913768884236,-0.7816810819674875,-0.4266619896757813,1.0287742456530273,-1.6006051783425348,0.28342469397984615,-0.6525397975979601,0.5008607339819469,0.8896603454809785,1.4381174563233068,7.582145400172553
PM23,HHOLL G07 - LSF SRR PRESIDENT 8177F,152,16,-3.7,55,80,0.16,0.43,19,-8,11,9,22,0.57,-0.04,10,0.16,0.0,107,45,G07 , 8177F,5,3,8,0.8558962901405467,0.5418010585969488,-3.7930662765968286,-1.8959781095659258,-1.7157442665166995,-1.3962162495584598,-1.3228756555322951,0.0,0.19139702697524916,1.4879892211105297,-1.4851940557382262,-1.2799859690273439,1.2278918415858715,-1.707312190232037,0.661324285952975,-0.0,1.5025822019458406,0.7413836212341486,-0.0,2.6906544921140823
PM24,HHOLL G10 - LSF SRR PRESIDENT 8177F,149,16,-4.2,55,82,0.17,0.43,27,-7,11,9,20,0.58,-0.04,14,0.17,0.0,97,52,G10 , 8177F,5,3,8,0.7756560129398704,0.5418010585969488,-0.7586132553193656,-1.8959781095659258,-1.6177017370014593,-1.2798648954285883,-1.3228756555322951,0.0,0.25519603596699914,0.8927935326663177,-1.1725216229512312,-1.1377653058020831,0.896029181697798,-0.9603631070055207,1.1336987759193853,-0.0,1.252151834954867,0.7413836212341486,-0.0,6.370766817952033
PM25,HHOLL G11 - LSF SRR PRESIDENT 8177F,156,17,-4.6,58,88,0.19,0.69,25,-5,12,9,21,0.63,-0.05,13,0.19,0.0,102,54,G11 , 8177F,5,3,8,0.962883326408115,1.0836021171938977,-1.5172265106387313,-1.579981757971605,-1.3235741484557395,-1.047162187168845,-0.6614378277661476,0.0,0.5741910809257489,1.1903913768884236,-1.2506897311479799,-0.8533239793515626,1.0619605116418347,-0.7469490832265161,1.5115983678925133,-0.8483017368773479,0.7512911009729203,0.8896603454809785,-0.0,8.190510276610578
PM26,HHOLL G22 - LSF SRR PRESIDENT 8177F,159,15,-3.6,64,94,0.19,0.65,30,-6,11,8,22,0.59,-0.05,17,0.25,0.0,108,51,G22 , 8177F,5,3,8,1.0431236036087912,0.0,0.3793066276596828,-0.9479890547829629,-1.0294465599100195,-1.047162187168845,-1.3228756555322951,-0.9972640167606985,0.3189950449587491,1.4879892211105297,-0.938017298360985,0.0,1.2610781075746786,-1.0670701188950231,0.5668493879596926,-0.7177937773577562,1.0017214679638937,0.8896603454809785,-0.0,7.869822944894902
PM27,HHOLL G25 - LSF SRR PRESIDENT 8177F,158,16,-4.0,65,93,0.18,0.59,29,-7,11,9,22,0.57,-0.05,15,0.23,0.0,112,46,G25 , 8177F,5,3,8,1.016376844541899,0.5418010585969488,0.0,-0.8426569375848559,-1.0784678246676396,-1.1635135412987168,-1.3228756555322951,0.0,0.19139702697524916,1.4879892211105297,-1.0943535147544825,-0.2844413264505207,1.393823171529908,-1.6006051783425348,0.944748979932821,-0.522031838078368,1.252151834954867,0.8896603454809785,-0.0,9.04046557683851
PM28,HHOLL G29 - LSF SRR PRESIDENT 8177F,145,16,-3.9,66,97,0.19,0.68,28,-5,11,9,19,0.6,-0.05,18,0.22,-0.01,94,51,G29 , 8177F,5,4,9,0.6686689766723022,0.5418010585969488,-0.3793066276596828,-0.7373248203867488,-0.8823827656371598,-1.047162187168845,-1.3228756555322951,0.0,0.38279405395049904,0.5951956884442118,-0.8598491901642362,-0.4266619896757813,0.796470383731376,-1.0670701188950231,0.8502740819395388,-0.8156747469974501,0.7512911009729203,0.8896603454809785,1.4381174563233068,9.456719366305288
PM29,HHOLL G34 - LSF SRR PRESIDENT 8177F,156,16,-4.0,59,85,0.16,0.49,26,-8,12,9,22,0.56,-0.05,12,0.18,0.0,113,44,G34 , 8177F,5,3,8,0.962883326408115,0.5418010585969488,-1.1379198829790484,-1.4746496407734977,-1.4706379427285994,-1.3962162495584598,-0.6614378277661476,0.0,0.1275980179834999,1.4879892211105297,-1.3288578393447286,-0.9955446425768231,1.4270094375187152,-1.8140192021215393,0.944748979932821,-0.195761939279388,1.5025822019458406,0.8896603454809785,-0.0,7.15277174289874
PM30,HHOLL G35 - LSF SRR PRESIDENT 8177F,155,16,-3.5,64,91,0.17,0.69,31,-6,11,8,23,0.53,-0.05,13,0.15,-0.01,117,38,G35 , 8177F,5,4,9,0.936136567341223,0.5418010585969488,0.7586132553193656,-0.9479890547829629,-1.1765103541828796,-1.2798648954285883,-1.3228756555322951,-0.9972640167606985,-0.06379900899174995,1.7855870653326353,-1.2506897311479799,-1.4222066322526041,1.5597545014739445,-2.454261273458553,0.4723744899664105,-0.8483017368773479,1.0017214679638937,0.8896603454809785,1.4381174563233068,7.953154082164442
PM31,HHOLL G60 - LSF SRR PRESIDENT 8177F,170,19,-5.3,59,89,0.19,0.67,26,-6,12,11,22,0.63,-0.05,14,0.19,0.0,115,55,G60 , 8177F,6,3,9,1.3373379533446044,2.1672042343877953,-1.1379198829790484,-1.4746496407734977,-1.2745528836981195,-1.047162187168845,-0.6614378277661476,1.994528033521397,0.5741910809257489,1.4879892211105297,-1.1725216229512312,-0.8533239793515626,1.4933819694963297,-0.6402420713370138,2.172922653845488,-0.7830477571175523,1.0017214679638937,0.8896603454809785,-0.0,15.532282486363453
PM32,HHOLL G65 - LSF SRR PRESIDENT 8177F,160,13,-2.9,62,91,0.18,0.51,30,-7,11,8,22,0.58,-0.05,15,0.21,0.0,110,50,G65 , 8177F,5,2,7,1.0698703626756831,-1.0836021171938977,0.3793066276596828,-1.158653289179177,-1.1765103541828796,-1.1635135412987168,-1.3228756555322951,-0.9972640167606985,0.25519603596699914,1.4879892211105297,-1.0943535147544825,-0.5688826529010418,1.3274506395522931,-1.1737771307845253,-0.0944748979932822,-0.2610159190391841,1.252151834954867,0.8896603454809785,-0.0,4.192482740864932
PM33,HHOLL G09 - LSF SRR PRESIDENT 8177F,160,14,-3.1,65,100,0.22,0.76,26,-4,12,8,21,0.63,-0.05,18,0.24,0.0,102,58,G09 , 8177F,4,3,7,1.0698703626756831,-0.5418010585969488,-1.1379198829790484,-0.8426569375848559,-0.7353189713642997,-0.69810812477923,-0.6614378277661476,-0.9972640167606985,0.5741910809257489,1.1903913768884236,-0.8598491901642362,-0.14222066322526056,1.0619605116418347,-0.3201210356685069,0.0944748979932822,-1.076690666036634,0.5008607339819469,0.8896603454809785,-0.0,4.8861083598381345
PM34,HHOLL H37 - LSF SRR PRESIDENT 8177F,154,15,-3.6,64,97,0.21,0.75,22,-5,12,8,21,0.54,-0.07,18,0.25,-0.01,104,50,H37 , 8177F,3,4,7,0.9093898082743308,0.0,-2.65514639361778,-0.9479890547829629,-0.8823827656371598,-0.8144594789091018,-0.6614378277661476,-0.9972640167606985,0.0,1.1903913768884236,-0.8598491901642362,0.0,1.1283330436194492,-1.1737771307845253,0.5668493879596926,-1.0440636761567361,0.7512911009729203,1.1862137939746378,1.4381174563233068,5.049402343643472
PM35,HHOLL H11 - LSF SRR PRESIDENT 8177F,153,19,-5.1,52,75,0.14,0.39,25,-9,11,10,22,0.57,-0.04,9,0.13,0.0,109,44,H11 , 8177F,6,4,10,0.8826430492074389,2.1672042343877953,-1.5172265106387313,-2.211974461160247,-1.960850590304799,-1.6289189578182028,-1.3228756555322951,0.9972640167606985,0.19139702697524916,1.4879892211105297,-1.563362163934975,-1.7066479587031251,1.294264373563486,-1.8140192021215393,1.983972857858924,0.13050795951959193,1.753012568936814,0.7413836212341486,-0.0,11.073778072267183
PM36,HHOLL H86 - LSF SRR PRESIDENT 8177F,153,14,-2.8,64,92,0.18,0.59,26,-7,12,8,22,0.56,-0.05,13,0.2,0.0,110,43,H86 , 8177F,4,2,6,0.8826430492074389,-0.5418010585969488,-1.1379198829790484,-0.9479890547829629,-1.1274890894252596,-1.1635135412987168,-0.6614378277661476,-0.9972640167606985,0.1275980179834999,1.4879892211105297,-1.2506897311479799,-0.711103316126302,1.3274506395522931,-1.9207262140110415,-0.1889497959865644,-0.522031838078368,1.252151834954867,0.8896603454809785,-0.0,1.5634162841352062
PM37,HHOLL H50 - LSF SRR PRESIDENT 8177F,152,14,-2.9,65,97,0.2,0.67,32,-6,11,8,20,0.6,-0.05,19,0.26,0.0,99,53,H50 , 8177F,6,2,8,0.8558962901405467,-0.5418010585969488,1.1379198829790484,-0.8426569375848559,-0.8823827656371598,-0.9308108330389733,-1.3228756555322951,-0.9972640167606985,0.38279405395049904,0.8927935326663177,-0.7816810819674875,0.14222066322526056,0.9624017136754125,-0.8536560951160185,-0.0944748979932822,-0.7830477571175523,1.0017214679638937,0.8896603454809785,-0.0,6.826376173049218
PM38,HHOLL H62 - LSF SRR PRESIDENT 8177F,157,12,-2.5,67,101,0.22,0.8,26,-4,12,8,21,0.63,-0.05,17,0.24,0.0,102,56,H62 , 8177F,4,2,6,0.9896300854750072,-1.6254031757908463,-1.1379198829790484,-0.6319927031886419,-0.6862977066066798,-0.69810812477923,-0.6614378277661476,-0.9972640167606985,0.5741910809257489,1.1903913768884236,-0.938017298360985,-0.14222066322526056,1.0619605116418347,-0.5335350594475116,-0.4723744899664105,-1.2071986255562264,0.5008607339819469,0.8896603454809785,-0.0,1.3213681769684893
PM39,HHOLL H26 - LSF SRR PRESIDENT 8177F,157,17,-4.0,62,90,0.17,0.63,29,-6,11,9,23,0.57,-0.05,13,0.2,0.0,114,43,H26 , 8177F,5,3,8,0.9896300854750072,1.0836021171938977,0.0,-1.158653289179177,-1.2255316189404994,-1.2798648954285883,-1.3228756555322951,0.0,0.19139702697524916,1.7855870653326353,-1.2506897311479799,-0.711103316126302,1.4601957035075226,-1.9207262140110415,0.944748979932821,-0.6525397975979601,1.0017214679638937,0.8896603454809785,-0.0,8.558451786554949
PM40,HHOLL H15 - LSF SRR PRESIDENT 8177F,137,15,-3.5,65,96,0.19,0.65,26,-7,11,8,19,0.58,-0.05,15,0.17,-0.01,89,48,H15 , 8177F,4,4,8,0.4546949041371654,0.0,-1.1379198829790484,-0.8426569375848559,-0.9314040303947796,-1.047162187168845,-1.3228756555322951,-0.9972640167606985,0.25519603596699914,0.5951956884442118,-1.0943535147544825,-1.1377653058020831,0.6305390537873393,-1.38719115456353,0.4723744899664105,-0.7177937773577562,1.252151834954867,0.8896603454809785,1.4381174563233068,4.25857383015272
PM41,HHOLL H61 - LSF SRR PRESIDENT 8177F,154,19,-5.1,57,83,0.16,0.5,27,-7,11,10,22,0.56,-0.05,12,0.17,0.0,109,45,H61 , 8177F,6,3,9,0.9093898082743308,2.1672042343877953,-0.7586132553193656,-1.6853138751697119,-1.5686804722438392,-1.3962162495584598,-1.3228756555322951,0.9972640167606985,0.1275980179834999,1.4879892211105297,-1.3288578393447286,-1.1377653058020831,1.294264373563486,-1.707312190232037,1.983972857858924,-0.22838892915928602,1.252151834954867,0.8896603454809785,-0.0,11.686070228913977
PM42,HHOLL H44 - LSF SRR PRESIDENT 8177F,155,17,-4.2,58,84,0.17,0.51,26,-6,11,9,22,0.57,-0.05,11,0.16,0.0,110,45,H44 , 8177F,5,3,8,0.936136567341223,1.0836021171938977,-1.1379198829790484,-1.579981757971605,-1.5196592074862194,-1.2798648954285883,-1.3228756555322951,0.0,0.19139702697524916,1.4879892211105297,-1.4070259475414775,-1.2799859690273439,1.3274506395522931,-1.707312190232037,1.1336987759193853,-0.2610159190391841,1.0017214679638937,0.8896603454809785,-0.0,6.647636277625513
PM43,HHOLL H59 - LSF SRR PRESIDENT 8177F,150,13,-2.5,67,99,0.2,0.64,25,-5,11,8,21,0.58,-0.05,16,0.2,-0.01,99,50,H59 , 8177F,4,3,7,0.8024027720067625,-1.0836021171938977,-1.5172265106387313,-0.6319927031886419,-0.7843402361219196,-0.9308108330389733,-1.3228756555322951,-0.9972640167606985,0.25519603596699914,1.1903913768884236,-1.0161854065577338,-0.711103316126302,0.9624017136754125,-1.1737771307845253,-0.4723744899664105,-0.6851667874778581,0.7512911009729203,0.8896603454809785,1.4381174563233068,2.12910700898515
PM44,HHOLL H31 - LSF SRR PRESIDENT 8177F,150,15,-3.6,61,89,0.17,0.52,24,-7,11,8,21,0.58,-0.04,11,0.19,0.0,104,45,H31 , 8177F,4,3,7,0.8024027720067625,0.0,-1.8965331382984143,-1.2639854063772837,-1.2745528836981195,-1.2798648954285883,-1.3228756555322951,-0.9972640167606985,0.25519603596699914,1.1903913768884236,-1.4070259475414775,-0.8533239793515626,1.1283330436194492,-1.707312190232037,0.5668493879596926,-0.29364290891908207,1.252151834954867,0.7413836212341486,-0.0,1.9095961955284837
PM45,HHOLL H70 - LSF SRR PRESIDENT 8177F,155,16,-3.7,62,90,0.17,0.56,30,-6,11,9,22,0.56,-0.05,15,0.19,0.0,109,46,H70 , 8177F,6,3,9,0.936136567341223,0.5418010585969488,0.3793066276596828,-1.158653289179177,-1.2255316189404994,-1.2798648954285883,-1.3228756555322951,0.0,0.1275980179834999,1.4879892211105297,-1.0943535147544825,-0.8533239793515626,1.294264373563486,-1.6006051783425348,0.661324285952975,-0.4241508684386742,1.0017214679638937,0.8896603454809785,-0.0,8.823435949043716
PM46,HHOLL H42 - LSF SRR PRESIDENT 8177F,150,16,-4.4,67,97,0.19,0.75,29,-7,11,9,20,0.68,-0.05,14,0.21,0.0,99,51,H42 , 8177F,5,3,8,0.8024027720067625,0.5418010585969488,0.0,-0.6319927031886419,-0.8823827656371598,-1.047162187168845,-1.3228756555322951,0.0,0.8931861258844986,0.8927935326663177,-1.1725216229512312,-0.5688826529010418,0.9624017136754125,-1.0670701188950231,1.32264857190595,-1.0440636761567361,1.252151834954867,0.8896603454809785,-0.0,8.848182836452137
PM47,HHOLL J76 - LSF SRR PRESIDENT 8177F,155,15,-3.2,60,89,0.18,0.54,31,-8,11,8,18,0.72,-0.02,20,0.18,0.0,89,66,J76 , 8177F,6,3,9,0.936136567341223,0.0,0.7586132553193656,-1.3693175235753907,-1.2745528836981195,-1.1635135412987168,-1.3228756555322951,-0.9972640167606985,1.1483821618514978,0.2975978442221059,-0.7035129737707387,-0.9955446425768231,0.6305390537873393,0.5335350594475116,0.1889497959865644,-0.3588968886788782,1.5025822019458406,0.4448301727404892,-0.0,8.577623190387031
PM48,HHOLL J33 - LSF SRR PRESIDENT 8177F,146,15,-3.7,64,92,0.18,0.65,31,-7,11,8,20,0.64,-0.06,13,0.2,0.0,96,50,J33 , 8177F,5,3,8,0.6954157357391942,0.0,0.7586132553193656,-0.9479890547829629,-1.1274890894252596,-1.1635135412987168,-1.3228756555322951,-0.9972640167606985,0.6379900899174988,0.8927935326663177,-1.2506897311479799,-0.711103316126302,0.8628429157089907,-1.1737771307845253,0.661324285952975,-0.7177937773577562,1.252151834954867,1.0379370697278079,-0.0,6.424312478874631
PM49,HHOLL J03 - LSF SRR PRESIDENT 8177F,149,17,-4.6,60,87,0.17,0.58,27,-8,11,9,20,0.66,-0.05,11,0.17,0.0,99,50,J03 , 8177F,5,3,8,0.7756560129398704,1.0836021171938977,-0.7586132553193656,-1.3693175235753907,-1.3725954132133595,-1.2798648954285883,-1.3228756555322951,0.0,0.7655881079009987,0.8927935326663177,-1.4070259475414775,-1.1377653058020831,0.9624017136754125,-1.1737771307845253,1.5115983678925133,-0.48940484819846997,1.5025822019458406,0.8896603454809785,-0.0,7.9853999512915985
PM50,HHOLL J45 - LSF SRR PRESIDENT 8177F,155,13,-2.8,66,98,0.2,0.81,29,-5,12,7,19,0.71,-0.09,21,0.39,-0.01,91,63,J45 , 8177F,6,3,9,0.936136567341223,-1.0836021171938977,0.0,-0.7373248203867488,-0.8333615008795396,-0.9308108330389733,-0.6614378277661476,-1.994528033521397,1.0845831528597478,0.5951956884442118,-0.6253448655739899,1.9910892851536461,0.696911585764954,0.21341402377900462,-0.1889497959865644,-1.2398256154361245,0.7512911009729203,1.4827672424682972,1.4381174563233068,10.137862795360125
PM51,HHOLL J51 - LSF SRR PRESIDENT 8177F,168,17,-4.2,61,92,0.2,0.72,27,-7,12,9,22,0.63,-0.05,15,0.22,0.0,113,55,J51 , 8177F,5,3,8,1.28384443521082,1.0836021171938977,-0.7586132553193656,-1.2639854063772837,-1.1274890894252596,-0.9308108330389733,-0.6614378277661476,0.0,0.5741910809257489,1.4879892211105297,-1.0943535147544825,-0.4266619896757813,1.4270094375187152,-0.6402420713370138,1.1336987759193853,-0.946182706517042,1.252151834954867,0.8896603454809785,-0.0,11.019908860601813
PM52,HHOLL J10 - LSF SRR PRESIDENT 8177F,145,18,-5.0,59,87,0.18,0.56,30,-6,11,9,20,0.59,-0.04,14,0.19,0.0,95,50,J10 , 8177F,6,3,9,0.6686689766723022,1.6254031757908463,0.3793066276596828,-1.4746496407734977,-1.3725954132133595,-1.1635135412987168,-1.3228756555322951,0.0,0.3189950449587491,0.8927935326663177,-1.1725216229512312,-0.8533239793515626,0.8296566497201834,-1.1737771307845253,1.889497959865642,-0.4241508684386742,1.0017214679638937,0.7413836212341486,-0.0,10.626343319076755
PM53,HHOLL J40 - LSF SRR PRESIDENT 8177F,158,14,-3.6,59,88,0.18,0.54,26,-7,11,8,20,0.7,-0.09,15,0.31,-0.01,94,64,J40 , 8177F,6,4,10,1.016376844541899,-0.5418010585969488,-1.1379198829790484,-1.4746496407734977,-1.3235741484557395,-1.1635135412987168,-1.3228756555322951,-0.9972640167606985,1.0207841438679979,0.8927935326663177,-1.0943535147544825,0.8533239793515626,0.796470383731376,0.3201210356685069,0.5668493879596926,-0.3588968886788782,1.252151834954867,1.4827672424682972,1.4381174563233068,11.353118859019663
PM54,HHOLL J65 - LSF SRR PRESIDENT 8177F,160,14,-3.5,68,100,0.2,0.86,31,-3,11,8,20,0.7,-0.09,23,0.43,-0.01,95,65,J65 , 8177F,7,4,11,1.0698703626756831,-0.5418010585969488,0.7586132553193656,-0.526660585990535,-0.7353189713642997,-0.9308108330389733,-1.3228756555322951,-0.9972640167606985,1.0207841438679979,0.8927935326663177,-0.4690086491804925,2.5599719380546877,0.8296566497201834,0.42682804755800924,0.4723744899664105,-1.402960564835614,0.25043036699097343,1.4827672424682972,1.4381174563233068,15.635596399690318
PM55,HHOLL J27 - LSF SRR PRESIDENT 8177F,158,13,-3.0,61,91,0.19,0.67,31,-3,11,8,20,0.7,-0.09,16,0.32,-0.01,95,63,J27 , 8177F,7,3,10,1.016376844541899,-1.0836021171938977,0.7586132553193656,-1.2639854063772837,-1.1765103541828796,-1.047162187168845,-1.3228756555322951,-0.9972640167606985,1.0207841438679979,0.8927935326663177,-1.0161854065577338,0.9955446425768231,0.8296566497201834,0.21341402377900462,-0.0,-0.7830477571175523,0.25043036699097343,1.4827672424682972,1.4381174563233068,10.886312079046116
PM56,HHOLL J11 - LSF SRR PRESIDENT 8177F,160,14,-3.2,64,96,0.2,0.75,29,-5,12,8,20,0.73,-0.09,19,0.39,0.0,95,65,J11 , 8177F,6,3,9,1.0698703626756831,-0.5418010585969488,0.0,-0.9479890547829629,-0.9314040303947796,-0.9308108330389733,-0.6614378277661476,-0.9972640167606985,1.2121811708432477,0.8927935326663177,-0.7816810819674875,1.9910892851536461,0.8296566497201834,0.42682804755800924,0.1889497959865644,-1.0440636761567361,0.7512911009729203,1.4827672424682972,-0.0,11.677771621870532
PM57,HHOLL J61 - LSF SRR PRESIDENT 8177F,162,14,-3.5,60,89,0.18,0.63,28,-6,11,9,20,0.7,-0.09,17,0.33,-0.01,98,63,J61 , 8177F,6,4,10,1.1233638808094675,-0.5418010585969488,-0.3793066276596828,-1.3693175235753907,-1.2745528836981195,-1.1635135412987168,-1.3228756555322951,0.0,1.0207841438679979,0.8927935326663177,-0.938017298360985,1.1377653058020836,0.9292154476866054,0.21341402377900462,0.4723744899664105,-0.6525397975979601,1.0017214679638937,1.4827672424682972,1.4381174563233068,13.121427279351566
PM58,HHOLL J05 - LSF SRR PRESIDENT 8177F,159,13,-3.1,71,106,0.22,0.9,29,-6,12,8,20,0.7,-0.05,17,0.26,0.0,104,55,J05 , 8177F,5,3,8,1.0431236036087912,-1.0836021171938977,0.0,-0.21066423439621398,-0.4411913828185799,-0.69810812477923,-0.6614378277661476,-0.9972640167606985,1.0207841438679979,0.8927935326663177,-0.938017298360985,0.14222066322526056,1.1283330436194492,-0.6402420713370138,0.0944748979932822,-1.5334685243552062,1.0017214679638937,0.8896603454809785,-0.0,6.793242850668446
PM59,HHOLL J04 - LSF SRR PRESIDENT 8177F,142,17,-4.8,55,80,0.16,0.47,21,-8,12,9,19,0.7,-0.07,7,0.14,-0.01,90,52,J04 , 8177F,5,4,9,0.5884286994716258,1.0836021171938977,-3.0344530212774625,-1.8959781095659258,-1.7157442665166995,-1.3962162495584598,-0.6614378277661476,0.0,1.0207841438679979,0.5951956884442118,-1.7196983803284724,-1.5644272954778644,0.6637253197761466,-0.9603631070055207,1.7005481638790776,-0.13050795951959193,1.5025822019458406,1.1862137939746378,1.4381174563233068,8.04803361449886
PM60,HHOLL J80 - LSF SRR PRESIDENT 8177F,147,16,-3.9,64,93,0.18,0.64,27,-8,12,8,19,0.69,-0.08,11,0.21,-0.01,95,52,J80 , 8177F,5,4,9,0.7221624948060862,0.5418010585969488,-0.7586132553193656,-0.9479890547829629,-1.0784678246676396,-1.1635135412987168,-0.6614378277661476,-0.9972640167606985,0.9569851348762478,0.5951956884442118,-1.4070259475414775,-0.5688826529010418,0.8296566497201834,-0.9603631070055207,0.8502740819395388,-0.6851667874778581,1.5025822019458406,1.3344905182214675,1.4381174563233068,9.826670238376177
PM61,HHOLL J46 - LSF SRR PRESIDENT 8177F,150,16,-4.1,65,97,0.2,0.78,25,-6,12,9,19,0.73,-0.08,14,0.23,-0.01,91,59,J46 , 8177F,5,4,9,0.8024027720067625,0.5418010585969488,-1.5172265106387313,-0.8426569375848559,-0.8823827656371598,-0.9308108330389733,-0.6614378277661476,0.0,1.2121811708432477,0.5951956884442118,-1.1725216229512312,-0.2844413264505207,0.696911585764954,-0.21341402377900462,1.0392238779261027,-1.1419446457964302,1.0017214679638937,1.3344905182214675,1.4381174563233068,11.148629483357324
PM62,HHOLL J41 - LSF SRR PRESIDENT 8177F,143,17,-4.6,60,89,0.18,0.72,24,-7,12,9,18,0.73,-0.08,11,0.19,-0.01,87,56,J41 , 8177F,5,4,9,0.6151754585385178,1.0836021171938977,-1.8965331382984143,-1.3693175235753907,-1.2745528836981195,-1.1635135412987168,-0.6614378277661476,0.0,1.2121811708432477,0.2975978442221059,-1.4070259475414775,-0.8533239793515626,0.5641665218097246,-0.5335350594475116,1.5115983678925133,-0.946182706517042,1.252151834954867,1.3344905182214675,1.4381174563233068,10.06739494473897
PM63,HHOLL K32 - LSF SRR PRESIDENT 8177F,153,16,-3.5,59,88,0.18,0.52,30,-8,11,8,18,0.72,-0.02,20,0.17,0.0,87,66,K32 , 8177F,7,3,10,0.8826430492074389,0.5418010585969488,0.3793066276596828,-1.4746496407734977,-1.3235741484557395,-1.1635135412987168,-1.3228756555322951,-0.9972640167606985,1.1483821618514978,0.2975978442221059,-0.7035129737707387,-1.1377653058020831,0.5641665218097246,0.5335350594475116,0.4723744899664105,-0.29364290891908207,1.5025822019458406,0.4448301727404892,-0.0,10.02043342004789
PM64,HHOLL K75 - LSF SRR PRESIDENT 8177F,139,14,-3.1,62,92,0.19,0.58,29,-6,11,8,19,0.58,-0.05,15,0.2,0.0,89,51,K75 , 8177F,4,3,7,0.5081884222709495,-0.5418010585969488,0.0,-1.158653289179177,-1.1274890894252596,-1.047162187168845,-1.3228756555322951,-0.9972640167606985,0.25519603596699914,0.5951956884442118,-1.0943535147544825,-0.711103316126302,0.6305390537873393,-1.0670701188950231,0.0944748979932822,-0.48940484819846997,1.0017214679638937,0.8896603454809785,-0.0,2.289969477273896
PM65,HHOLL K60 - LSF SRR PRESIDENT 8177F,152,15,-3.7,60,90,0.19,0.59,30,-5,11,8,19,0.72,-0.02,16,0.12,0.0,91,61,K60 , 8177F,5,3,8,0.8558962901405467,0.0,0.3793066276596828,-1.3693175235753907,-1.2255316189404994,-1.047162187168845,-1.3228756555322951,-0.9972640167606985,1.1483821618514978,0.5951956884442118,-1.0161854065577338,-1.8488686219283854,0.696911585764954,0.0,0.661324285952975,-0.522031838078368,0.7512911009729203,0.4448301727404892,-0.0,5.481325616243007
PM66,HHOLL K51 - LSF SRR PRESIDENT 8177F,155,15,-3.6,58,90,0.2,0.67,23,-5,12,9,20,0.63,-0.05,15,0.2,0.0,98,57,K51 , 8177F,4,3,7,0.936136567341223,0.0,-2.275839765958097,-1.579981757971605,-1.2255316189404994,-0.9308108330389733,-0.6614378277661476,0.0,0.5741910809257489,0.8927935326663177,-1.0943535147544825,-0.711103316126302,0.9292154476866054,-0.42682804755800924,0.5668493879596926,-0.7830477571175523,0.7512911009729203,0.8896603454809785,-0.0,4.2539597122578705
PM67,HHOLL K59 - LSF SRR PRESIDENT 8177F,142,16,-4.1,62,90,0.17,0.66,31,-5,11,9,19,0.65,-0.06,13,0.2,0.0,91,50,K59 , 8177F,6,3,9,0.5884286994716258,0.5418010585969488,0.7586132553193656,-1.158653289179177,-1.2255316189404994,-1.2798648954285883,-1.3228756555322951,0.0,0.7017890989092488,0.5951956884442118,-1.2506897311479799,-0.711103316126302,0.696911585764954,-1.1737771307845253,1.0392238779261027,-0.7504207672376543,0.7512911009729203,1.0379370697278079,-0.0,8.301268014114477
PM68,HHOLL K21 - LSF SRR PRESIDENT 8177F,148,15,-3.6,60,88,0.18,0.5,32,-6,11,8,20,0.58,-0.05,16,0.22,0.0,96,53,K21 , 8177F,5,3,8,0.7489092538729782,0.0,1.1379198829790484,-1.3693175235753907,-1.3235741484557395,-1.1635135412987168,-1.3228756555322951,-0.9972640167606985,0.25519603596699914,0.8927935326663177,-1.0161854065577338,-0.4266619896757813,0.8628429157089907,-0.8536560951160185,0.5668493879596926,-0.22838892915928602,1.0017214679638937,0.8896603454809785,-0.0,7.000901352482804
PM69,HHOLL K67 - LSF SRR PRESIDENT 8177F,167,13,-2.5,66,101,0.21,0.81,29,-5,12,8,22,0.63,-0.05,18,0.25,0.0,112,56,K67 , 8177F,4,2,6,1.2570976761439279,-1.0836021171938977,0.0,-0.7373248203867488,-0.6862977066066798,-0.8144594789091018,-0.6614378277661476,-0.9972640167606985,0.5741910809257489,1.4879892211105297,-0.8598491901642362,0.0,1.393823171529908,-0.5335350594475116,-0.4723744899664105,-1.2398256154361245,0.7512911009729203,0.8896603454809785,-0.0,4.438092478426222
PM70,HHOLL K25 - LSF SRR PRESIDENT 8177F,142,15,-3.7,65,94,0.18,0.66,28,-6,11,8,19,0.65,-0.06,12,0.19,0.0,94,48,K25 , 8177F,4,3,7,0.5884286994716258,0.0,-0.3793066276596828,-0.8426569375848559,-1.0294465599100195,-1.1635135412987168,-1.3228756555322951,-0.9972640167606985,0.7017890989092488,0.5951956884442118,-1.3288578393447286,-0.8533239793515626,0.796470383731376,-1.38719115456353,0.661324285952975,-0.7504207672376543,1.0017214679638937,1.0379370697278079,-0.0,3.2640613637048324
PM71,HHOLL K04B - LSF SRR PRESIDENT 8177F,155,13,-2.9,63,95,0.2,0.77,22,-5,12,7,21,0.63,-0.05,16,0.21,0.0,101,55,K04B , 8177F,4,2,6,0.936136567341223,-1.0836021171938977,-2.65514639361778,-1.05332117198107,-0.9804252951523995,-0.9308108330389733,-0.6614378277661476,-1.994528033521397,0.5741910809257489,1.1903913768884236,-1.0161854065577338,-0.5688826529010418,1.0287742456530273,-0.6402420713370138,-0.0944748979932822,-1.109317655916532,0.7512911009729203,0.8896603454809785,-0.0,-0.9428574647451606
PM72,HHOLL K72 - LSF SRR PRESIDENT 8177F,168,15,-3.7,65,99,0.21,0.79,25,-7,12,8,22,0.63,-0.05,18,0.26,0.0,112,57,K72 , 8177F,5,3,8,1.28384443521082,0.0,-1.5172265106387313,-0.8426569375848559,-0.7843402361219196,-0.8144594789091018,-0.6614378277661476,-0.9972640167606985,0.5741910809257489,1.4879892211105297,-0.8598491901642362,0.14222066322526056,1.393823171529908,-0.42682804755800924,0.661324285952975,-1.1745716356763283,1.252151834954867,0.8896603454809785,-0.0,8.420069744064447
PM73,HHOLL K82 - LSF SRR PRESIDENT 8177F,149,16,-4.0,66,96,0.19,0.69,28,-6,11,8,20,0.58,-0.05,18,0.24,0.0,100,49,K82 , 8177F,5,3,8,0.7756560129398704,0.5418010585969488,-0.3793066276596828,-0.7373248203867488,-0.9314040303947796,-1.047162187168845,-1.3228756555322951,-0.9972640167606985,0.25519603596699914,0.8927935326663177,-0.8598491901642362,-0.14222066322526056,0.99558797966422,-1.2804841426740277,0.944748979932821,-0.8483017368773479,1.0017214679638937,0.8896603454809785,-0.0,6.856237297057366
PM74,HHOLL K05 - LSF SRR PRESIDENT 8177F,168,14,-3.0,72,108,0.23,0.88,27,-5,12,8,22,0.63,-0.05,20,0.28,0.0,112,56,K05 , 8177F,5,2,7,1.28384443521082,-0.5418010585969488,-0.7586132553193656,-0.10533211719810699,-0.3431488533033399,-0.5817567706493584,-0.6614378277661476,-0.9972640167606985,0.5741910809257489,1.4879892211105297,-0.7035129737707387,0.4266619896757816,1.393823171529908,-0.5335350594475116,-0.0,-1.4682145445954102,0.7512911009729203,0.8896603454809785,-0.0,7.06618482345131
PM75,HHOLL K43 - LSF SRR PRESIDENT 8177F,146,15,-3.8,66,96,0.19,0.77,27,-5,11,9,19,0.65,-0.05,16,0.22,0.0,95,51,K43 , 8177F,4,3,7,0.6954157357391942,0.0,-0.7586132553193656,-0.7373248203867488,-0.9314040303947796,-1.047162187168845,-1.3228756555322951,0.0,0.7017890989092488,0.5951956884442118,-1.0161854065577338,-0.4266619896757813,0.8296566497201834,-1.0670701188950231,0.7557991839462567,-1.109317655916532,0.7512911009729203,0.8896603454809785,-0.0,4.636557108756653
PM76,HHOLL K38B - LSF SRR PRESIDENT 8177F,156,12,-2.4,70,104,0.21,0.8,31,-4,11,7,20,0.7,-0.02,20,0.16,-0.01,97,59,K38B , 8177F,5,3,8,0.962883326408115,-1.6254031757908463,0.7586132553193656,-0.31599635159432093,-0.5392339123338198,-0.8144594789091018,-1.3228756555322951,-1.994528033521397,1.0207841438679979,0.8927935326663177,-0.7035129737707387,-1.2799859690273439,0.896029181697798,-0.21341402377900462,-0.5668493879596926,-1.2071986255562264,0.5008607339819469,0.4448301727404892,1.4381174563233068,3.9463677592991964
PM77,HHOLL K86 - LSF SRR PRESIDENT 8177F,151,12,-2.4,71,104,0.21,0.67,29,-4,11,7,21,0.58,-0.05,18,0.23,0.0,101,50,K86 , 8177F,4,2,6,0.8291495310736544,-1.6254031757908463,0.0,-0.21066423439621398,-0.5392339123338198,-0.8144594789091018,-1.3228756555322951,-1.994528033521397,0.25519603596699914,1.1903913768884236,-0.8598491901642362,-0.2844413264505207,1.0287742456530273,-1.1737771307845253,-0.5668493879596926,-0.7830477571175523,0.5008607339819469,0.8896603454809785,-0.0,0.08115047155442134
PM78,HHOLL K56 - LSF SRR PRESIDENT 8177F,164,12,-2.4,69,104,0.22,0.84,27,-4,12,8,22,0.63,-0.05,19,0.27,0.0,107,57,K56 , 8177F,5,2,7,1.1768573989432516,-1.6254031757908463,-0.7586132553193656,-0.42132846879242797,-0.5392339123338198,-0.69810812477923,-0.6614378277661476,-0.9972640167606985,0.5741910809257489,1.4879892211105297,-0.7816810819674875,0.2844413264505211,1.2278918415858715,-0.42682804755800924,-0.5668493879596926,-1.337706585075818,0.5008607339819469,0.8896603454809785,-0.0,3.995017667043006
PM79,HHOLL K30 - LSF SRR PRESIDENT 8177F,164,13,-2.7,63,96,0.21,0.73,28,-6,12,8,22,0.63,-0.05,16,0.2,0.0,108,56,K30 , 8177F,4,2,6,1.1768573989432516,-1.0836021171938977,-0.3793066276596828,-1.05332117198107,-0.9314040303947796,-0.8144594789091018,-0.6614378277661476,-0.9972640167606985,0.5741910809257489,1.4879892211105297,-1.0161854065577338,-0.711103316126302,1.2610781075746786,-0.5335350594475116,-0.28342469397984615,-0.9788096963969399,1.0017214679638937,0.8896603454809785,-0.0,3.3982057214163444
PM80,HHOLL K87 - LSF SRR PRESIDENT 8177F,133,11,-2.3,70,102,0.2,0.82,30,-4,11,7,18,0.65,-0.05,15,0.22,0.0,85,48,K87 , 8177F,5,2,7,0.3477078678695971,-2.1672042343877953,0.3793066276596828,-0.31599635159432093,-0.6372764418490597,-0.9308108330389733,-1.3228756555322951,-1.994528033521397,0.7017890989092488,0.2975978442221059,-1.0943535147544825,-0.4266619896757813,0.49779398983211,-1.38719115456353,-0.661324285952975,-1.272452605316022,0.5008607339819469,0.8896603454809785,-0.0,-2.2029243127031712
PM81,HHOLL K34 - LSF SRR PRESIDENT 8177F,156,13,-2.9,69,103,0.21,0.8,33,-3,11,8,20,0.71,-0.02,22,0.2,-0.01,93,63,K34 , 8177F,6,3,9,0.962883326408115,-1.0836021171938977,1.5172265106387313,-0.42132846879242797,-0.5882551770914398,-0.8144594789091018,-1.3228756555322951,-0.9972640167606985,1.0845831528597478,0.8927935326663177,-0.5471767573772413,-0.711103316126302,0.7632841177425685,0.21341402377900462,-0.0944748979932822,-1.2071986255562264,0.25043036699097343,0.4448301727404892,1.4381174563233068,8.742814913161327
PM82,HHOLL K69 - LSF SRR PRESIDENT 8177F,135,15,-3.5,73,106,0.2,0.93,31,-4,11,9,17,0.65,-0.05,19,0.27,0.0,85,50,K69 , 8177F,5,3,8,0.40120138600338123,0.0,0.7586132553193656,0.0,-0.4411913828185799,-0.9308108330389733,-1.3228756555322951,0.0,0.7017890989092488,0.0,-0.7816810819674875,0.2844413264505211,0.49779398983211,-1.1737771307845253,0.4723744899664105,-1.6313494939949,0.5008607339819469,0.8896603454809785,-0.0,6.445644739216492
PM83,HHOLL K68 - LSF SRR PRESIDENT 8177F,153,16,-4.2,65,94,0.19,0.71,32,-6,11,9,20,0.68,-0.05,13,0.22,0.0,101,52,K68 , 8177F,6,3,9,0.8826430492074389,0.5418010585969488,1.1379198829790484,-0.8426569375848559,-1.0294465599100195,-1.047162187168845,-1.3228756555322951,0.0,0.8931861258844986,0.8927935326663177,-1.2506897311479799,-0.4266619896757813,1.0287742456530273,-0.9603631070055207,1.1336987759193853,-0.9135557166371439,1.0017214679638937,0.8896603454809785,-0.0,10.815738877735008
PM84,HHOLL K52 - LSF SRR PRESIDENT 8177F,158,13,-3.5,60,92,0.21,0.7,25,-5,12,7,19,0.75,-0.09,16,0.34,0.0,89,69,K52 , 8177F,6,3,9,1.016376844541899,-1.0836021171938977,-1.5172265106387313,-1.3693175235753907,-1.1274890894252596,-0.8144594789091018,-0.6614378277661476,-1.994528033521397,1.3397791888267476,0.5951956884442118,-1.0161854065577338,1.279985969027344,0.6305390537873393,0.8536560951160185,0.4723744899664105,-0.8809287267572459,0.7512911009729203,1.4827672424682972,-0.0,7.66339320670966
PM85,HHOLL K11 - LSF SRR PRESIDENT 8177F,144,16,-4.4,63,93,0.19,0.69,23,-7,12,9,18,0.68,-0.08,13,0.22,-0.01,89,55,K11 , 8177F,5,4,9,0.64192221760541,0.5418010585969488,-2.275839765958097,-1.05332117198107,-1.0784678246676396,-1.047162187168845,-0.6614378277661476,0.0,0.8931861258844986,0.2975978442221059,-1.2506897311479799,-0.4266619896757813,0.6305390537873393,-0.6402420713370138,1.32264857190595,-0.8483017368773479,1.252151834954867,1.3344905182214675,1.4381174563233068,9.407125402544802
PM86,HHOLL K65 - LSF SRR PRESIDENT 8177F,145,18,-4.8,62,90,0.17,0.69,28,-7,11,9,19,0.69,-0.08,11,0.2,-0.01,93,51,K65 , 8177F,5,4,9,0.6686689766723022,1.6254031757908463,-0.3793066276596828,-1.158653289179177,-1.2255316189404994,-1.2798648954285883,-1.3228756555322951,0.0,0.9569851348762478,0.5951956884442118,-1.4070259475414775,-0.711103316126302,0.7632841177425685,-1.0670701188950231,1.7005481638790776,-0.8483017368773479,1.252151834954867,1.3344905182214675,1.4381174563233068,11.939905902679763
PM87,HHOLL K14 - LSF SRR PRESIDENT 8177F,144,16,-4.2,60,88,0.17,0.6,26,-7,12,9,19,0.69,-0.07,10,0.18,-0.01,91,52,K14 , 8177F,5,4,9,0.64192221760541,0.5418010585969488,-1.1379198829790484,-1.3693175235753907,-1.3235741484557395,-1.2798648954285883,-0.6614378277661476,0.0,0.9569851348762478,0.5951956884442118,-1.4851940557382262,-0.9955446425768231,0.696911585764954,-0.9603631070055207,1.1336987759193853,-0.554658827958266,1.252151834954867,1.1862137939746378,1.4381174563233068,9.292469000290259
PM88,HHOLL K40 - LSF SRR PRESIDENT 8177F,137,17,-4.4,60,86,0.17,0.56,24,-8,12,9,18,0.69,-0.08,10,0.17,-0.01,85,52,K40 , 8177F,5,4,9,0.4546949041371654,1.0836021171938977,-1.8965331382984143,-1.3693175235753907,-1.4216166779709793,-1.2798648954285883,-0.6614378277661476,0.0,0.9569851348762478,0.2975978442221059,-1.4851940557382262,-1.1377653058020831,0.49779398983211,-0.9603631070055207,1.32264857190595,-0.4241508684386742,1.5025822019458406,1.3344905182214675,1.4381174563233068,9.189537498004201
PM89,HHOLL L06 - LSF SRR PRESIDENT 8177F,141,16,-4.2,66,97,0.19,0.77,25,-7,12,9,17,0.77,-0.09,12,0.23,-0.01,82,59,L06 , 8177F,4,4,8,0.5616819404047337,0.5418010585969488,-1.5172265106387313,-0.7373248203867488,-0.8823827656371598,-1.047162187168845,-0.6614378277661476,0.0,1.4673772068102473,0.0,-1.3288578393447286,-0.2844413264505207,0.398235191865688,-0.21341402377900462,1.1336987759193853,-1.109317655916532,1.252151834954867,1.4827672424682972,1.4381174563233068,9.575020072565485
PM90,HHOLL L09 - LSF SRR PRESIDENT 8177F,142,17,-4.9,63,92,0.18,0.69,26,-8,12,9,18,0.74,-0.08,12,0.21,-0.01,87,55,L09 , 8177F,5,4,9,0.5884286994716258,1.0836021171938977,-1.1379198829790484,-1.05332117198107,-1.1274890894252596,-1.1635135412987168,-0.6614378277661476,0.0,1.2759801798349977,0.2975978442221059,-1.3288578393447286,-0.5688826529010418,0.5641665218097246,-0.6402420713370138,1.7950230618723604,-0.8483017368773479,1.5025822019458406,1.3344905182214675,1.4381174563233068,11.982228976285066
PM91,HHOLL L12 - LSF SRR PRESIDENT 8177F,158,15,-3.8,63,94,0.19,0.76,28,-5,12,8,19,0.73,-0.09,19,0.39,0.0,93,65,L12 , 8177F,6,3,9,1.016376844541899,0.0,-0.3793066276596828,-1.05332117198107,-1.0294465599100195,-1.047162187168845,-0.6614378277661476,-0.9972640167606985,1.2121811708432477,0.5951956884442118,-0.7816810819674875,1.9910892851536461,0.7632841177425685,0.42682804755800924,0.7557991839462567,-1.076690666036634,0.7512911009729203,1.4827672424682972,-0.0,12.009886408366016
PM92,HHOLL L20 - LSF SRR PRESIDENT 8177F,145,13,-2.8,72,105,0.21,0.89,26,-7,12,7,18,0.76,-0.08,15,0.26,-0.01,88,57,L20 , 8177F,5,3,8,0.6686689766723022,-1.0836021171938977,-1.1379198829790484,-0.10533211719810699,-0.49021264757619976,-0.8144594789091018,-0.6614378277661476,-1.994528033521397,1.4035781978184976,0.2975978442221059,-1.0943535147544825,0.14222066322526056,0.597352787798532,-0.42682804755800924,-0.1889497959865644,-1.500841534475308,1.252151834954867,1.3344905182214675,1.4381174563233068,5.39168460510828
PM93,HHOLL L22 - LSF SRR PRESIDENT 8177F,134,14,-3.2,69,100,0.2,0.73,29,-7,11,8,17,0.7,-0.08,14,0.22,-0.01,79,55,L22 , 8177F,3,4,7,0.3744546269364891,-0.5418010585969488,0.0,-0.42132846879242797,-0.7353189713642997,-0.9308108330389733,-1.3228756555322951,-0.9972640167606985,1.0207841438679979,0.0,-1.1725216229512312,-0.4266619896757813,0.298676393899266,-0.6402420713370138,0.1889497959865644,-0.9788096963969399,1.252151834954867,1.3344905182214675,1.4381174563233068,5.047413576523239
PM94,HHOLL L28 - LSF SRR PRESIDENT 8177F,156,14,-3.5,61,92,0.19,0.69,22,-5,12,8,20,0.72,-0.09,16,0.35,0.0,93,63,L28 , 8177F,6,3,9,0.962883326408115,-0.5418010585969488,-2.65514639361778,-1.2639854063772837,-1.1274890894252596,-1.047162187168845,-0.6614378277661476,-0.9972640167606985,1.1483821618514978,0.8927935326663177,-1.0161854065577338,1.422206632252604,0.7632841177425685,0.21341402377900462,0.4723744899664105,-0.8483017368773479,0.7512911009729203,1.4827672424682972,-0.0,7.875460223562488
PM95,HHOLL L29 - LSF SRR PRESIDENT 8177F,147,15,-3.7,61,91,0.18,0.65,27,-7,12,8,18,0.76,-0.1,12,0.26,-0.01,86,61,L29 , 8177F,5,4,9,0.7221624948060862,0.0,-0.7586132553193656,-1.2639854063772837,-1.1765103541828796,-1.1635135412987168,-0.6614378277661476,-0.9972640167606985,1.4035781978184976,0.2975978442221059,-1.3288578393447286,0.14222066322526056,0.5309802558209173,0.0,0.661324285952975,-0.7177937773577562,1.252151834954867,1.631043966715127,1.4381174563233068,10.231448861711648
PM96,HHOLL L31 - LSF SRR PRESIDENT 8177F,145,13,-2.7,67,98,0.2,0.76,27,-6,12,8,17,0.76,-0.1,15,0.3,-0.01,83,62,L31 , 8177F,5,3,8,0.6686689766723022,-1.0836021171938977,-0.7586132553193656,-0.6319927031886419,-0.8333615008795396,-0.9308108330389733,-0.6614378277661476,-0.9972640167606985,1.4035781978184976,0.0,-1.0943535147544825,0.711103316126302,0.43142145785449537,0.10670701188950231,-0.28342469397984615,-1.076690666036634,1.0017214679638937,1.631043966715127,1.4381174563233068,7.2316867658823405
PM97,HHOLL L32 - LSF SRR PRESIDENT 8177F,169,14,-3.7,69,107,0.24,0.82,26,-3,12,9,20,0.68,-0.02,27,0.24,-0.01,98,71,L32 , 8177F,5,4,9,1.3105911942777122,-0.5418010585969488,-1.1379198829790484,-0.42132846879242797,-0.3921701180609598,-0.46540541651948686,-0.6614378277661476,0.0,0.8931861258844986,0.8927935326663177,-0.15633621639349748,-0.14222066322526056,0.9292154476866054,1.0670701188950231,0.661324285952975,-1.272452605316022,0.25043036699097343,0.4448301727404892,1.4381174563233068,11.832335207896321
PM98,HHOLL L33 - LSF SRR PRESIDENT 8177F,166,13,-2.7,67,102,0.22,0.81,27,-5,12,8,22,0.63,-0.05,19,0.25,0.0,108,57,L33 , 8177F,4,2,6,1.2303509170770357,-1.0836021171938977,-0.7586132553193656,-0.6319927031886419,-0.6372764418490597,-0.69810812477923,-0.6614378277661476,-0.9972640167606985,0.5741910809257489,1.4879892211105297,-0.7816810819674875,0.0,1.2610781075746786,-0.42682804755800924,-0.28342469397984615,-1.2398256154361245,0.7512911009729203,0.8896603454809785,-0.0,4.087340361265285
PM99,HHOLL L44 - LSF SRR PRESIDENT 8177F,158,16,-4.2,63,95,0.2,0.69,29,-5,11,9,19,0.74,-0.02,19,0.17,0.0,93,65,L44 , 8177F,6,3,9,1.016376844541899,0.5418010585969488,0.0,-1.05332117198107,-0.9804252951523995,-0.9308108330389733,-1.3228756555322951,0.0,1.2759801798349977,0.5951956884442118,-0.7816810819674875,-1.1377653058020831,0.7632841177425685,0.42682804755800924,1.1336987759193853,-0.8483017368773479,0.7512911009729203,0.4448301727404892,-0.0,10.181878668864982
PM100,HHOLL L49 - LSF SRR PRESIDENT 8177F,165,11,-2.2,72,112,0.25,0.89,28,-2,12,7,20,0.73,-0.02,27,0.23,-0.01,93,72,L49 , 8177F,5,2,7,1.2036041580101438,-2.1672042343877953,-0.3793066276596828,-0.10533211719810699,-0.14706379427285995,-0.3490540623896152,-0.6614378277661476,-1.994528033521397,1.2121811708432477,0.8927935326663177,-0.15633621639349748,-0.2844413264505207,0.7632841177425685,1.1737771307845253,-0.7557991839462567,-1.500841534475308,-0.0,0.4448301727404892,1.4381174563233068,4.6698386191909975
PM101,HHOLL L56 - LSF SRR PRESIDENT 8177F,144,14,-3.7,61,88,0.17,0.62,31,-8,11,8,20,0.64,-0.05,9,0.12,0.0,98,45,L56 , 8177F,5,3,8,0.64192221760541,-0.5418010585969488,0.7586132553193656,-1.2639854063772837,-1.3235741484557395,-1.2798648954285883,-1.3228756555322951,-0.9972640167606985,0.6379900899174988,0.8927935326663177,-1.563362163934975,-1.8488686219283854,0.9292154476866054,-1.707312190232037,0.661324285952975,-0.619912807718062,1.5025822019458406,0.8896603454809785,-0.0,3.4681596597280135
PM102,HHOLL L58 - LSF SRR PRESIDENT 8177F,155,16,-4.4,63,94,0.2,0.66,28,-5,12,9,18,0.74,-0.09,17,0.36,0.0,89,66,L58 , 8177F,7,3,10,0.936136567341223,0.5418010585969488,-0.3793066276596828,-1.05332117198107,-1.0294465599100195,-0.9308108330389733,-0.6614378277661476,0.0,1.2759801798349977,0.2975978442221059,-0.938017298360985,1.5644272954778644,0.6305390537873393,0.5335350594475116,1.32264857190595,-0.7504207672376543,0.7512911009729203,1.4827672424682972,-0.0,14.906247283344644
PM103,HHOLL L60 - LSF SRR PRESIDENT 8177F,148,14,-3.5,64,96,0.2,0.79,30,-5,12,8,18,0.7,-0.09,19,0.35,-0.01,86,62,L60 , 8177F,7,4,11,0.7489092538729782,-0.5418010585969488,0.3793066276596828,-0.9479890547829629,-0.9314040303947796,-0.9308108330389733,-0.6614378277661476,-0.9972640167606985,1.0207841438679979,0.2975978442221059,-0.7816810819674875,1.422206632252604,0.5309802558209173,0.10670701188950231,0.4723744899664105,-1.1745716356763283,0.7512911009729203,1.4827672424682972,1.4381174563233068,13.352878533622793
PM104,HHOLL L61 - LSF SRR PRESIDENT 8177F,143,16,-4.6,56,83,0.17,0.59,25,-7,11,9,19,0.68,-0.05,9,0.15,0.0,91,52,L61 , 8177F,5,3,8,0.6151754585385178,0.5418010585969488,-1.5172265106387313,-1.7906459923678189,-1.5686804722438392,-1.2798648954285883,-1.3228756555322951,0.0,0.8931861258844986,0.5951956884442118,-1.563362163934975,-1.4222066322526041,0.696911585764954,-0.9603631070055207,1.5115983678925133,-0.522031838078368,1.252151834954867,0.8896603454809785,-0.0,4.998986959679053
PM105,HHOLL L63 - LSF SRR PRESIDENT 8177F,148,11,-1.9,72,108,0.22,0.91,29,-2,11,7,19,0.71,-0.09,23,0.42,-0.01,84,64,L63 , 8177F,6,2,8,0.7489092538729782,-2.1672042343877953,0.0,-0.10533211719810699,-0.3431488533033399,-0.69810812477923,-1.3228756555322951,-1.994528033521397,1.0845831528597478,0.5951956884442118,-0.4690086491804925,2.417751274829427,0.4646077238433027,0.3201210356685069,-1.0392238779261034,-1.5660955142351045,-0.0,1.4827672424682972,1.4381174563233068,5.98716613630274
PM106,HHOLL L64 - LSF SRR PRESIDENT 8177F,156,17,-5.0,58,89,0.19,0.78,23,-4,12,9,19,0.75,-0.09,16,0.35,0.0,89,67,L64 , 8177F,7,3,10,0.962883326408115,1.0836021171938977,-2.275839765958097,-1.579981757971605,-1.2745528836981195,-1.047162187168845,-0.6614378277661476,0.0,1.3397791888267476,0.5951956884442118,-1.0161854065577338,1.422206632252604,0.6305390537873393,0.6402420713370138,1.889497959865642,-1.1419446457964302,0.5008607339819469,1.4827672424682972,-0.0,13.519537919080648
PM107,HHOLL L66 - LSF SRR PRESIDENT 8177F,152,13,-2.7,67,97,0.19,0.72,30,-6,11,8,20,0.65,-0.05,14,0.21,0.0,102,49,L66 , 8177F,5,2,7,0.8558962901405467,-1.0836021171938977,0.3793066276596828,-0.6319927031886419,-0.8823827656371598,-1.047162187168845,-1.3228756555322951,-0.9972640167606985,0.7017890989092488,0.8927935326663177,-1.1725216229512312,-0.5688826529010418,1.0619605116418347,-1.2804841426740277,-0.28342469397984615,-0.946182706517042,1.0017214679638937,0.8896603454809785,-0.0,2.781739285773728
PM108,HHOLL L70 - LSF SRR PRESIDENT 8177F,146,12,-2.7,65,96,0.2,0.82,28,-3,11,7,19,0.7,-0.09,17,0.33,-0.01,87,59,L70 , 8177F,5,3,8,0.6954157357391942,-1.6254031757908463,-0.3793066276596828,-0.8426569375848559,-0.9314040303947796,-0.9308108330389733,-1.3228756555322951,-1.994528033521397,1.0207841438679979,0.5951956884442118,-0.938017298360985,1.1377653058020836,0.5641665218097246,-0.21341402377900462,-0.28342469397984615,-1.272452605316022,0.25043036699097343,1.4827672424682972,1.4381174563233068,4.5246774425814955
PM109,HHOLL L73 - LSF SRR PRESIDENT 8177F,143,14,-3.5,62,92,0.19,0.74,27,-5,11,8,18,0.76,-0.1,12,0.26,-0.01,83,60,L73 , 8177F,5,4,9,0.6151754585385178,-0.5418010585969488,-0.7586132553193656,-1.158653289179177,-1.1274890894252596,-1.047162187168845,-1.3228756555322951,-0.9972640167606985,1.4035781978184976,0.2975978442221059,-1.3288578393447286,0.14222066322526056,0.43142145785449537,-0.10670701188950231,0.4723744899664105,-1.011436686276838,0.7512911009729203,1.631043966715127,1.4381174563233068,7.654131206146726
PM110,HHOLL L78 - LSF SRR PRESIDENT 8177F,143,18,-4.9,63,91,0.17,0.67,30,-7,12,9,18,0.67,-0.05,14,0.23,0.0,91,52,L78 , 8177F,6,3,9,0.6151754585385178,1.6254031757908463,0.3793066276596828,-1.05332117198107,-1.1765103541828796,-1.2798648954285883,-0.6614378277661476,0.0,0.8293871168927487,0.2975978442221059,-1.1725216229512312,-0.2844413264505207,0.696911585764954,-0.9603631070055207,1.7950230618723604,-0.7830477571175523,1.252151834954867,0.8896603454809785,-0.0,11.93672633927095
PM111,HHOLL L88 - LSF SRR PRESIDENT 8177F,140,15,-3.7,66,95,0.19,0.7,26,-8,12,8,17,0.75,-0.09,10,0.21,-0.01,84,55,L88 , 8177F,3,4,7,0.5349351813378416,0.0,-1.1379198829790484,-0.7373248203867488,-0.9804252951523995,-1.047162187168845,-0.6614378277661476,-0.9972640167606985,1.3397791888267476,0.0,-1.4851940557382262,-0.5688826529010418,0.4646077238433027,-0.6402420713370138,0.661324285952975,-0.8809287267572459,1.5025822019458406,1.4827672424682972,1.4381174563233068,6.146206801520471
PM112,HHOLL L94 - LSF SRR PRESIDENT 8177F,168,14,-3.6,69,104,0.22,0.84,30,-3,12,8,21,0.68,-0.02,26,0.19,-0.01,104,64,L94 , 8177F,6,4,10,1.28384443521082,-0.5418010585969488,0.3793066276596828,-0.42132846879242797,-0.5392339123338198,-0.69810812477923,-0.6614378277661476,-0.9972640167606985,0.8931861258844986,1.1903913768884236,-0.23450432459024625,-0.8533239793515626,1.1283330436194492,0.3201210356685069,0.5668493879596926,-1.337706585075818,0.25043036699097343,0.4448301727404892,1.4381174563233068,11.820082392163593
PM113,HHOLL M86 - LSF SRR PRESIDENT 8177F,159,12,-2.0,67,101,0.21,0.7,30,-6,11,7,21,0.7,-0.02,20,0.16,-0.01,98,61,M86 , 8177F,5,3,8,1.0431236036087912,-1.6254031757908463,0.3793066276596828,-0.6319927031886419,-0.6862977066066798,-0.8144594789091018,-1.3228756555322951,-1.994528033521397,1.0207841438679979,1.1903913768884236,-0.7035129737707387,-1.2799859690273439,0.9292154476866054,0.0,-0.944748979932821,-0.8809287267572459,1.0017214679638937,0.4448301727404892,1.4381174563233068,4.409200510704318
PM114,HHOLL M62 - LSF SRR PRESIDENT 8177F,147,12,-2.5,69,101,0.21,0.87,30,-3,11,7,19,0.7,-0.09,19,0.37,-0.01,88,60,M62 , 8177F,6,3,9,0.7221624948060862,-1.6254031757908463,0.3793066276596828,-0.42132846879242797,-0.6862977066066798,-0.8144594789091018,-1.3228756555322951,-1.994528033521397,1.0207841438679979,0.5951956884442118,-0.7816810819674875,1.7066479587031251,0.597352787798532,-0.10670701188950231,-0.4723744899664105,-1.4355875547155121,0.25043036699097343,1.4827672424682972,1.4381174563233068,7.272633609174685
PM115,HHOLL M13 - LSF SRR PRESIDENT 8177F,153,11,-2.4,63,95,0.2,0.62,26,-5,11,7,19,0.7,-0.09,17,0.34,-0.01,88,65,M13 , 8177F,6,3,9,0.8826430492074389,-2.1672042343877953,-1.1379198829790484,-1.05332117198107,-0.9804252951523995,-0.9308108330389733,-1.3228756555322951,-1.994528033521397,1.0207841438679979,0.5951956884442118,-0.938017298360985,1.279985969027344,0.597352787798532,0.42682804755800924,-0.5668493879596926,-0.619912807718062,0.7512911009729203,1.4827672424682972,1.4381174563233068,5.696372001409179
PM116,HHOLL M56 - LSF SRR PRESIDENT 8177F,170,13,-3.0,71,106,0.22,0.75,27,-4,12,8,20,0.69,-0.01,26,0.22,-0.01,102,67,M56 , 8177F,5,3,8,1.3373379533446044,-1.0836021171938977,-0.7586132553193656,-0.21066423439621398,-0.4411913828185799,-0.69810812477923,-0.6614378277661476,-0.9972640167606985,0.9569851348762478,0.8927935326663177,-0.23450432459024625,-0.4266619896757813,1.0619605116418347,0.6402420713370138,-0.0,-1.0440636761567361,0.5008607339819469,0.29655344849365944,1.4381174563233068,8.352866643218483
PM117,HHOLL M65 - LSF SRR PRESIDENT 8177F,173,16,-4.4,66,99,0.21,0.71,30,-6,13,9,20,0.79,-0.01,19,0.22,0.01,105,67,M65 , 8177F,7,3,10,1.4175782305452804,0.5418010585969488,0.3793066276596828,-0.7373248203867488,-0.7843402361219196,-0.8144594789091018,0.0,0.0,1.5949752247937474,0.8927935326663177,-0.7816810819674875,-0.4266619896757813,1.1615193096082566,0.6402420713370138,1.32264857190595,-0.9135557166371439,1.0017214679638937,0.29655344849365944,-1.4381174563233068,14.384731821102068
PM118,HHOLL M59 - LSF SRR PRESIDENT 8177F,157,13,-2.8,67,100,0.21,0.81,28,-4,12,7,19,0.73,-0.09,20,0.41,0.0,91,65,M59 , 8177F,6,2,8,0.9896300854750072,-1.0836021171938977,-0.3793066276596828,-0.6319927031886419,-0.7353189713642997,-0.8144594789091018,-0.6614378277661476,-1.994528033521397,1.2121811708432477,0.5951956884442118,-0.7035129737707387,2.2755306116041663,0.696911585764954,0.42682804755800924,-0.1889497959865644,-1.2398256154361245,0.5008607339819469,1.4827672424682972,-0.0,7.888825800022766
PM119,HHOLL M60 - LSF SRR PRESIDENT 8177F,183,14,-3.8,71,108,0.23,0.85,29,-5,13,9,21,0.82,-0.01,22,0.25,0.01,111,72,M60 , 8177F,5,3,8,1.6850458212142012,-0.5418010585969488,0.0,-0.21066423439621398,-0.3431488533033399,-0.5817567706493584,0.0,0.0,1.7863722517689964,1.1903913768884236,-0.5471767573772413,0.0,1.3606369055411007,1.1737771307845253,0.7557991839462567,-1.370333574955716,0.7512911009729203,0.29655344849365944,-1.4381174563233068,11.972874528559261
PM120,HHOLL M57 - LSF SRR PRESIDENT 8177F,169,12,-2.8,73,114,0.25,0.94,28,-2,12,7,20,0.73,-0.01,30,0.26,-0.01,95,74,M57 , 8177F,7,2,9,1.3105911942777122,-1.6254031757908463,-0.3793066276596828,0.0,-0.049021264757619976,-0.3490540623896152,-0.6614378277661476,-1.994528033521397,1.2121811708432477,0.8927935326663177,0.07816810819674874,0.14222066322526056,0.8296566497201834,1.38719115456353,-0.1889497959865644,-1.6639764838747981,-0.0,0.29655344849365944,1.4381174563233068,8.887605151046682
PM121,HHOLL M37 - LSF SRR PRESIDENT 8177F,169,16,-4.2,68,106,0.23,0.88,27,-3,12,9,20,0.73,-0.02,27,0.23,-0.01,97,72,M37 , 8177F,6,4,10,1.3105911942777122,0.5418010585969488,-0.7586132553193656,-0.526660585990535,-0.4411913828185799,-0.5817567706493584,-0.6614378277661476,0.0,1.2121811708432477,0.8927935326663177,-0.15633621639349748,-0.2844413264505207,0.896029181697798,1.1737771307845253,1.1336987759193853,-1.4682145445954102,0.25043036699097343,0.4448301727404892,1.4381174563233068,15.17042464456032
PM122,HHOLL M38 - LSF SRR PRESIDENT 8177F,178,16,-4.9,65,98,0.21,0.71,30,-5,12,9,21,0.81,-0.01,20,0.22,0.01,108,69,M38 , 8177F,7,3,10,1.5513120258797408,0.5418010585969488,0.3793066276596828,-0.8426569375848559,-0.8333615008795396,-0.8144594789091018,-0.6614378277661476,0.0,1.7225732427772473,1.1903913768884236,-0.7035129737707387,-0.4266619896757813,1.2610781075746786,0.8536560951160185,1.7950230618723604,-0.9135557166371439,0.7512911009729203,0.29655344849365944,-1.4381174563233068,14.818132012815736
PM123,HHOLL M17 - LSF SRR PRESIDENT 8177F,159,14,-3.0,72,108,0.22,0.85,31,-4,11,7,20,0.73,-0.02,22,0.22,0.0,97,62,M17 , 8177F,6,2,8,1.0431236036087912,-0.5418010585969488,0.7586132553193656,-0.10533211719810699,-0.3431488533033399,-0.69810812477923,-1.3228756555322951,-1.994528033521397,1.2121811708432477,0.8927935326663177,-0.5471767573772413,-0.4266619896757813,0.896029181697798,0.10670701188950231,-0.0,-1.370333574955716,0.5008607339819469,0.4448301727404892,-0.0,6.458512453759651
PM124,HHOLL M42 - LSF SRR PRESIDENT 8177F,168,15,-3.5,73,109,0.23,0.92,30,-2,12,9,21,0.68,-0.02,28,0.23,-0.01,104,64,M42 , 8177F,6,3,9,1.28384443521082,0.0,0.3793066276596828,0.0,-0.2941275885457199,-0.5817567706493584,-0.6614378277661476,0.0,0.8931861258844986,1.1903913768884236,-0.07816810819674874,-0.2844413264505207,1.1283330436194492,0.3201210356685069,0.4723744899664105,-1.5987225041150024,-0.0,0.4448301727404892,1.4381174563233068,13.19891443251095
PM125,HHOLL M50 - LSF SRR PRESIDENT 8177F,168,18,-5.1,64,98,0.21,0.84,27,-4,12,10,20,0.76,-0.09,21,0.41,0.0,98,70,M50 , 8177F,8,3,11,1.28384443521082,1.6254031757908463,-0.7586132553193656,-0.9479890547829629,-0.8333615008795396,-0.8144594789091018,-0.6614378277661476,0.9972640167606985,1.4035781978184976,0.8927935326663177,-0.6253448655739899,2.2755306116041663,0.9292154476866054,0.9603631070055207,1.983972857858924,-1.337706585075818,0.5008607339819469,1.4827672424682972,-0.0,21.06005765627239
PM126,HHOLL M35 - LSF SRR PRESIDENT 8177F,177,19,-5.8,60,90,0.19,0.59,28,-7,13,10,21,0.8,0.0,17,0.18,0.01,110,67,M35 , 8177F,7,3,10,1.5245652668128487,2.1672042343877953,-0.3793066276596828,-1.3693175235753907,-1.2255316189404994,-1.047162187168845,0.0,0.9972640167606985,1.6587742337854974,1.1903913768884236,-0.938017298360985,-0.9955446425768231,1.3274506395522931,0.6402420713370138,2.645297143811899,-0.522031838078368,1.252151834954867,0.14827672424682972,-1.4381174563233068,18.01761503830611
PM127,HHOLL M64 - LSF SRR PRESIDENT 8177F,154,17,-4.6,62,93,0.19,0.7,25,-5,12,9,18,0.79,-0.1,16,0.37,0.0,86,68,M64 , 8177F,7,3,10,0.9093898082743308,1.0836021171938977,-1.5172265106387313,-1.158653289179177,-1.0784678246676396,-1.047162187168845,-0.6614378277661476,0.0,1.5949752247937474,0.2975978442221059,-1.0161854065577338,1.7066479587031251,0.5309802558209173,0.7469490832265161,1.5115983678925133,-0.8809287267572459,0.7512911009729203,1.631043966715127,-0.0,15.064375570600038
PM128,HHOLL M45 - LSF SRR PRESIDENT 8177F,151,14,-3.3,65,100,0.22,0.75,28,-5,12,8,18,0.72,-0.04,18,0.27,0.0,85,66,M45 , 8177F,6,3,9,0.8291495310736544,-0.5418010585969488,-0.3793066276596828,-0.8426569375848559,-0.7353189713642997,-0.69810812477923,-0.6614378277661476,-0.9972640167606985,1.1483821618514978,0.2975978442221059,-0.8598491901642362,0.2844413264505211,0.49779398983211,0.5335350594475116,0.28342469397984615,-1.0440636761567361,0.7512911009729203,0.7413836212341486,-0.0,8.125280323407583
PM129,HHOLL M78 - LSF SRR PRESIDENT 8177F,172,17,-5.1,69,104,0.22,0.84,28,-5,13,9,19,0.88,-0.02,20,0.24,0.0,100,73,M78 , 8177F,6,3,9,1.3908314714783885,1.0836021171938977,-0.3793066276596828,-0.42132846879242797,-0.5392339123338198,-0.69810812477923,0.0,0.0,2.1691663057194965,0.5951956884442118,-0.7035129737707387,-0.14222066322526056,0.99558797966422,1.2804841426740277,1.983972857858924,-1.337706585075818,0.7512911009729203,0.4448301727404892,-0.0,16.49562673026967
PM130,HHOLL M83 - LSF SRR PRESIDENT 8177F,151,14,-3.3,65,100,0.22,0.76,29,-4,12,8,18,0.72,-0.05,18,0.27,0.0,86,66,M83 , 8177F,6,3,9,0.8291495310736544,-0.5418010585969488,0.0,-0.8426569375848559,-0.7353189713642997,-0.69810812477923,-0.6614378277661476,-0.9972640167606985,1.1483821618514978,0.2975978442221059,-0.8598491901642362,0.2844413264505211,0.5309802558209173,0.5335350594475116,0.28342469397984615,-1.076690666036634,0.5008607339819469,0.8896603454809785,-0.0,8.402992584432033
PM131,HHOLL M12 - LSF SRR PRESIDENT 8177F,154,16,-4.4,64,93,0.18,0.63,28,-8,12,9,18,0.72,-0.1,16,0.28,-0.02,93,61,M12 , 8177F,6,4,10,0.9093898082743308,0.5418010585969488,-0.3793066276596828,-0.9479890547829629,-1.0784678246676396,-1.1635135412987168,-0.6614378277661476,0.0,1.1483821618514978,0.2975978442221059,-1.0161854065577338,0.4266619896757816,0.7632841177425685,0.0,1.32264857190595,-0.6525397975979601,1.5025822019458406,1.631043966715127,2.8762349126466136,16.804315522269697
PM132,HHOLL M02 - LSF SRR PRESIDENT 8177F,167,13,-3.2,71,106,0.22,0.82,30,-6,12,8,20,0.69,-0.09,22,0.34,-0.01,104,63,M02 , 8177F,7,4,11,1.2570976761439279,-1.0836021171938977,0.3793066276596828,-0.21066423439621398,-0.4411913828185799,-0.69810812477923,-0.6614378277661476,-0.9972640167606985,0.9569851348762478,0.8927935326663177,-0.5471767573772413,1.279985969027344,1.1283330436194492,0.21341402377900462,0.1889497959865644,-1.272452605316022,1.0017214679638937,1.4827672424682972,1.4381174563233068,15.091701654116454
PM133,HHOLL M01 - LSF SRR PRESIDENT 8177F,160,15,-4.2,68,99,0.19,0.71,30,-7,11,9,20,0.67,-0.09,20,0.31,-0.01,100,60,M01 , 8177F,6,4,10,1.0698703626756831,0.0,0.3793066276596828,-0.526660585990535,-0.7843402361219196,-1.047162187168845,-1.3228756555322951,0.0,0.8293871168927487,0.8927935326663177,-0.7035129737707387,0.8533239793515626,0.99558797966422,-0.10670701188950231,1.1336987759193853,-0.9135557166371439,1.252151834954867,1.4827672424682972,1.4381174563233068,15.57769095252132
